2026-08-23T01:51:53.965895Z [warning  ] Could not import graphviz. Rendering graph to the graphical format will not be possible. 
You might need to install the graphviz package and necessary system packages.
Run `pip install graphviz` to attempt to install it. [py.warnings] category=UserWarning filename=/home/bruno/.local/share/uv/tools/apache-airflow/lib/python3.12/site-packages/airflow/cli/commands/dag_command.py lineno=57
2026-08-23T01:51:54.199693Z [info     ] setup plugin alembic.autogenerate.schemas [alembic.runtime.plugins] loc=plugins.py:37
2026-08-23T01:51:54.199837Z [info     ] setup plugin alembic.autogenerate.tables [alembic.runtime.plugins] loc=plugins.py:37
2026-08-23T01:51:54.199925Z [info     ] setup plugin alembic.autogenerate.types [alembic.runtime.plugins] loc=plugins.py:37
2026-08-23T01:51:54.200019Z [info     ] setup plugin alembic.autogenerate.constraints [alembic.runtime.plugins] loc=plugins.py:37
2026-08-23T01:51:54.200145Z [info     ] setup plugin alembic.autogenerate.defaults [alembic.runtime.plugins] loc=plugins.py:37
2026-08-23T01:51:54.200231Z [info     ] setup plugin alembic.autogenerate.comments [alembic.runtime.plugins] loc=plugins.py:37
2026-08-23T01:51:54.200343Z [info     ] setup plugin alembic.autogenerate.checkconstraint_byname [alembic.runtime.plugins] loc=plugins.py:37
2026-08-23T01:51:54.239089Z [info     ] DAG bundles loaded: dags-folder, example_dags, apache-airflow-providers-common-sql-example-dags, apache-airflow-providers-standard-example-dags [airflow.dag_processing.bundles.manager.DagBundlesManager] loc=manager.py:271
2026-08-23T01:51:54.243751Z [info     ] Filling up the DagBag from /home/bruno/projetos/albus-hub/dags/albus_hub_data_protection.py [airflow.dag_processing.dagbag.BundleDagBag] loc=dagbag.py:460
2026-08-23T01:51:54.288066Z [info     ] Bulk-writing dags to db        [airflow.serialization.definitions.dag] count=1 loc=dag.py:210
2026-08-23T01:51:54.297798Z [info     ] Getting latest run for non-partitioned Dag [airflow.dag_processing.collection] dag_id=albus_hub_data_protection loc=collection.py:200
2026-08-23T01:51:54.301672Z [info     ] no latest run found            [airflow.dag_processing.collection] dag_id=albus_hub_data_protection loc=collection.py:210
2026-08-23T01:51:54.309311Z [info     ] get next_dagrun_info_v2        [airflow.serialization.definitions.dag] last_automated_run_info=None loc=dag.py:445 next_info=DagRunInfo(run_after=DateTime(2026, 8, 22, 6, 0, 0, tzinfo=Timezone('UTC')), data_interval=DataInterval(start=DateTime(2026, 8, 22, 6, 0, 0, tzinfo=Timezone('UTC')), end=DateTime(2026, 8, 22, 6, 0, 0, tzinfo=Timezone('UTC'))), partition_date=None, partition_key=None)
2026-08-23T01:51:54.309474Z [info     ] setting next dagrun info       [airflow.models.dag] loc=dag.py:848 next_dagrun='2026-08-22 06:00:00+00:00' next_dagrun_create_after='2026-08-22 06:00:00+00:00' next_dagrun_data_interval_end='2026-08-22 06:00:00+00:00' next_dagrun_data_interval_start='2026-08-22 06:00:00+00:00' next_dagrun_partition_date=None next_dagrun_partition_key=None
2026-08-23T01:51:54.351229Z [info     ] DAG bundles loaded: dags-folder, example_dags, apache-airflow-providers-common-sql-example-dags, apache-airflow-providers-standard-example-dags [airflow.dag_processing.bundles.manager.DagBundlesManager] loc=manager.py:271
2026-08-23T01:51:54.353938Z [info     ] Filling up the DagBag from /home/bruno/projetos/albus-hub/dags [airflow.dag_processing.dagbag.BundleDagBag] loc=dagbag.py:460
2026-08-23T01:51:54.368976Z [info     ] Bulk-writing dags to db        [airflow.serialization.definitions.dag] count=3 loc=dag.py:210
2026-08-23T01:51:54.371110Z [info     ] Getting latest run for non-partitioned Dag [airflow.dag_processing.collection] dag_id=albus_hub_data_protection loc=collection.py:200
2026-08-23T01:51:54.371703Z [info     ] no latest run found            [airflow.dag_processing.collection] dag_id=albus_hub_data_protection loc=collection.py:210
2026-08-23T01:51:54.375944Z [info     ] get next_dagrun_info_v2        [airflow.serialization.definitions.dag] last_automated_run_info=None loc=dag.py:445 next_info=DagRunInfo(run_after=DateTime(2026, 8, 22, 6, 0, 0, tzinfo=Timezone('UTC')), data_interval=DataInterval(start=DateTime(2026, 8, 22, 6, 0, 0, tzinfo=Timezone('UTC')), end=DateTime(2026, 8, 22, 6, 0, 0, tzinfo=Timezone('UTC'))), partition_date=None, partition_key=None)
2026-08-23T01:51:54.376362Z [info     ] setting next dagrun info       [airflow.models.dag] loc=dag.py:848 next_dagrun='2026-08-22 06:00:00+00:00' next_dagrun_create_after='2026-08-22 06:00:00+00:00' next_dagrun_data_interval_end='2026-08-22 06:00:00+00:00' next_dagrun_data_interval_start='2026-08-22 06:00:00+00:00' next_dagrun_partition_date=None next_dagrun_partition_key=None
2026-08-23T01:51:54.377803Z [info     ] Getting latest run for non-partitioned Dag [airflow.dag_processing.collection] dag_id=albus_hub_ml_inference loc=collection.py:200
2026-08-23T01:51:54.378800Z [info     ] no latest run found            [airflow.dag_processing.collection] dag_id=albus_hub_ml_inference loc=collection.py:210
2026-08-23T01:51:54.382894Z [info     ] get next_dagrun_info_v2        [airflow.serialization.definitions.dag] last_automated_run_info=None loc=dag.py:445 next_info=DagRunInfo(run_after=DateTime(2026, 8, 22, 9, 0, 0, tzinfo=Timezone('UTC')), data_interval=DataInterval(start=DateTime(2026, 8, 22, 9, 0, 0, tzinfo=Timezone('UTC')), end=DateTime(2026, 8, 22, 9, 0, 0, tzinfo=Timezone('UTC'))), partition_date=None, partition_key=None)
2026-08-23T01:51:54.383017Z [info     ] setting next dagrun info       [airflow.models.dag] loc=dag.py:848 next_dagrun='2026-08-22 09:00:00+00:00' next_dagrun_create_after='2026-08-22 09:00:00+00:00' next_dagrun_data_interval_end='2026-08-22 09:00:00+00:00' next_dagrun_data_interval_start='2026-08-22 09:00:00+00:00' next_dagrun_partition_date=None next_dagrun_partition_key=None
2026-08-23T01:51:54.384082Z [info     ] Getting latest run for non-partitioned Dag [airflow.dag_processing.collection] dag_id=albus_hub_ml_training loc=collection.py:200
2026-08-23T01:51:54.384909Z [info     ] no latest run found            [airflow.dag_processing.collection] dag_id=albus_hub_ml_training loc=collection.py:210
2026-08-23T01:51:54.388917Z [info     ] get next_dagrun_info_v2        [airflow.serialization.definitions.dag] last_automated_run_info=None loc=dag.py:445 next_info=DagRunInfo(run_after=DateTime(2026, 8, 1, 8, 0, 0, tzinfo=Timezone('UTC')), data_interval=DataInterval(start=DateTime(2026, 8, 1, 8, 0, 0, tzinfo=Timezone('UTC')), end=DateTime(2026, 8, 1, 8, 0, 0, tzinfo=Timezone('UTC'))), partition_date=None, partition_key=None)
2026-08-23T01:51:54.389075Z [info     ] setting next dagrun info       [airflow.models.dag] loc=dag.py:848 next_dagrun='2026-08-01 08:00:00+00:00' next_dagrun_create_after='2026-08-01 08:00:00+00:00' next_dagrun_data_interval_end='2026-08-01 08:00:00+00:00' next_dagrun_data_interval_start='2026-08-01 08:00:00+00:00' next_dagrun_partition_date=None next_dagrun_partition_key=None
2026-08-23T01:51:54.409720Z [info     ] creating dag run               [airflow.serialization.definitions.dag] loc=dag.py:607 logical_date=DateTime(2026, 8, 23, 1, 55, 0, tzinfo=FixedTimezone(0, name="+00:00")) partition_key=None run_after=DateTime(2026, 8, 23, 1, 51, 54, 350603, tzinfo=Timezone('UTC')) run_id=manual__2026-08-23T01:51:54.350603+00:00
2026-08-23T01:51:54.452558Z [info     ] Created dag run.               [airflow.models.dagrun] dagrun=<DagRun albus_hub_data_protection @ 2026-08-23 01:55:00+00:00: manual__2026-08-23T01:51:54.350603+00:00, state:running, queued_at: None. run_type: manual> loc=dagrun.py:2446
2026-08-23T01:51:54.467891Z [info     ] [DAG TEST] starting task_id=extract_transform_locaweb map_index=-1 [airflow.sdk.definitions.dag] loc=dag.py:1501
2026-08-23T01:51:54.468204Z [info     ] [DAG TEST] running task <TaskInstance: albus_hub_data_protection.extract_transform_locaweb manual__2026-08-23T01:51:54.350603+00:00 [TaskInstanceState.SCHEDULED] ti_id=01a02c51-343c-7bfd-98e3-90e86a30cada> [airflow.sdk.definitions.dag] loc=dag.py:1504
2026-08-23T01:51:57.511461Z [info     ] Task started                   [airflow.api_fastapi.execution_api.routes.task_instances] correlation_id=01a02c51-371c-7c8d-846b-c5506ab92ab0 hostname=DESKTOP-GF7Q600.localdomain loc=task_instances.py:231 previous_state=queued ti_id=01a02c51-343c-7bfd-98e3-90e86a30cada
2026-08-23T01:51:57.513225Z [info     ] Task instance state updated    [airflow.api_fastapi.execution_api.routes.task_instances] correlation_id=01a02c51-371c-7c8d-846b-c5506ab92ab0 loc=task_instances.py:259 rows_affected=1 ti_id=01a02c51-343c-7bfd-98e3-90e86a30cada
2026-08-23T01:51:57.534136Z [info     ] Updating RenderedTaskInstanceFields [airflow.api_fastapi.execution_api.routes.task_instances] correlation_id=01a02c51-405a-7a47-b461-09fcd6f96542 field_count=3 loc=task_instances.py:1005 ti_id=01a02c51-343c-7bfd-98e3-90e86a30cada
Task instance is in running state
 Previous state of the Task instance: TaskInstanceState.QUEUED
Current task name:extract_transform_locaweb
Dag name:albus_hub_data_protection
2026-08-23T01:51:57.545734Z [info     ] ::endgroup::                   [task] loc=task_runner.py:2107
2026-08-23T01:52:14.596036Z [info     ] Done. Returned value was: {'generated_at_utc': '2026-08-23T01:52:14.302696+00:00', 'quality_status': 'passed_with_warnings', 'row_count': 122543, 'opened_at_min': '2023-01-02T20:19:58', 'opened_at_max': '2025-12-31T23:45:18', 'blocking_checks': {'mandatory_nulls': 0, 'duplicate_incident_ids': 0, 'invalid_incident_ids': 0, 'closed_before_opened': 0, 'negative_duration': 0}, 'warning_checks': {'resolved_after_closed': 32, 'duration_mismatch': 475, 'subcategory_without_category': 2, 'entered_kpi_rule_mismatch': 151, 'kpi_breached_rule_mismatch': 3550}, 'null_percentage': {'incident_id': 0.0, 'priority_raw': 0.0, 'product': 63.598, 'category': 63.423, 'subcategory': 63.423, 'assigned_group': 0.0, 'configuration_item': 1.453, 'opened_at': 0.0, 'resolved_at': 67.162, 'closed_at': 0.0, 'duration_seconds': 0.0, 'closure_code': 66.702, 'short_description': 0.0, 'solution_type': 87.515, 'opened_by': 0.0, 'parent_incident_id': 87.656, 'status': 0.0, 'entered_kpi_raw': 0.0, 'kpi_breached_raw': 0.0}, 'priority_distribution': {'4 - Baixa': 64828, '3 - Média': 41732, '2 - Alta': 15649, '5 - Muito Baixa': 333, '1 - Crítica': 1}, 'status_distribution': {'Sem Intervenção': 80373, 'Encerrado Automaticamente': 26830, 'Encerrado': 15339, 'Aguardando Problema': 1}, 'entered_kpi_distribution': {'NAO': 96943, 'SIM': 25600}, 'kpi_breached_distribution': {'N/A': 96943, 'NAO': 25352, 'SIM': 248}, 'monthly_volume': {'2023-01': 12, '2023-02': 7, '2023-03': 8, '2023-04': 6, '2023-05': 7, '2023-06': 2, '2023-07': 6, '2023-08': 6, '2023-09': 14, '2023-10': 21, '2023-11': 13, '2023-12': 8, '2024-01': 7, '2024-02': 12, '2024-03': 32, '2024-04': 26, '2024-05': 16, '2024-06': 16, '2024-07': 44, '2024-08': 39, '2024-09': 34, '2024-10': 50, '2024-11': 75, '2024-12': 271, '2025-01': 3714, '2025-02': 3553, '2025-03': 3588, '2025-04': 3202, '2025-05': 3329, '2025-06': 3558, '2025-07': 3448, '2025-08': 3996, '2025-09': 21561, '2025-10': 23017, '2025-11': 21524, '2025-12': 27321}} [airflow.task.operators.airflow.providers.standard.decorators.python._PythonDecoratedOperator] loc=python.py:233
2026-08-23T01:52:14.596348Z [info     ] ::group::Post Execute          [task] loc=task_runner.py:1577
2026-08-23T01:52:14.596616Z [info     ] Pushing xcom                   [task] loc=task_runner.py:2171 ti=RuntimeTaskInstance(id=UUID('01a02c51-343c-7bfd-98e3-90e86a30cada'), task_id='extract_transform_locaweb', dag_id='albus_hub_data_protection', run_id='manual__2026-08-23T01:51:54.350603+00:00', try_number=1, dag_version_id=UUID('01a00b3f-4876-7429-8bbb-3bfe2664838d'), map_index=-1, hostname='DESKTOP-GF7Q600.localdomain', context_carrier=None, queue='default', task=<Task(_PythonDecoratedOperator): extract_transform_locaweb>, max_tries=1, start_date=datetime.datetime(2026, 8, 23, 1, 51, 55, 163238, tzinfo=datetime.timezone.utc), end_date=None, state=<TaskInstanceState.RUNNING: 'running'>, is_mapped=False, rendered_map_index=None, sentry_integration='')
2026-08-23T01:52:14.984060Z [info     ] Task instance state updated    [airflow.api_fastapi.execution_api.routes.task_instances] correlation_id=01a02c51-847d-70f0-b8d6-ee519dedc8ae loc=task_instances.py:484 new_state=success rows_affected=1 ti_id=01a02c51-343c-7bfd-98e3-90e86a30cada
Task instance in success state
 Previous state of the Task instance: TaskInstanceState.RUNNING
Task operator:<Task(_PythonDecoratedOperator): extract_transform_locaweb>
2026-08-23T01:52:14.989132Z [info     ] ::endgroup::                   [task] loc=task_runner.py:2270
2026-08-23T01:52:14.997846Z [info     ] [DAG TEST] end task task_id=extract_transform_locaweb map_index=-1 [airflow.sdk.definitions.dag] loc=dag.py:1563
2026-08-23T01:52:15.006658Z [info     ] [DAG TEST] starting task_id=validate_silver map_index=-1 [airflow.sdk.definitions.dag] loc=dag.py:1501
2026-08-23T01:52:15.006953Z [info     ] [DAG TEST] running task <TaskInstance: albus_hub_data_protection.validate_silver manual__2026-08-23T01:51:54.350603+00:00 [TaskInstanceState.SCHEDULED] ti_id=01a02c51-343d-7f4d-a142-fe5c6269b58f> [airflow.sdk.definitions.dag] loc=dag.py:1504
2026-08-23T01:52:15.016786Z [info     ] Task started                   [airflow.api_fastapi.execution_api.routes.task_instances] correlation_id=01a02c51-84a2-7324-aa9a-4268b2dfb595 hostname=DESKTOP-GF7Q600.localdomain loc=task_instances.py:231 previous_state=queued ti_id=01a02c51-343d-7f4d-a142-fe5c6269b58f
2026-08-23T01:52:15.017507Z [info     ] Task instance state updated    [airflow.api_fastapi.execution_api.routes.task_instances] correlation_id=01a02c51-84a2-7324-aa9a-4268b2dfb595 loc=task_instances.py:259 rows_affected=1 ti_id=01a02c51-343d-7f4d-a142-fe5c6269b58f
2026-08-23T01:52:15.041695Z [info     ] Updating RenderedTaskInstanceFields [airflow.api_fastapi.execution_api.routes.task_instances] correlation_id=01a02c51-84bd-7f9b-9078-7f2d7ff5d46d field_count=3 loc=task_instances.py:1005 ti_id=01a02c51-343d-7f4d-a142-fe5c6269b58f
Task instance is in running state
 Previous state of the Task instance: TaskInstanceState.QUEUED
Current task name:validate_silver
Dag name:albus_hub_data_protection
2026-08-23T01:52:15.049973Z [info     ] ::endgroup::                   [task] loc=task_runner.py:2107
2026-08-23T01:52:15.050309Z [info     ] Done. Returned value was: {'validation': 'passed', 'quality_status': 'passed_with_warnings'} [airflow.task.operators.airflow.providers.standard.decorators.python._PythonDecoratedOperator] loc=python.py:233
2026-08-23T01:52:15.050507Z [info     ] ::group::Post Execute          [task] loc=task_runner.py:1577
2026-08-23T01:52:15.050618Z [info     ] Pushing xcom                   [task] loc=task_runner.py:2171 ti=RuntimeTaskInstance(id=UUID('01a02c51-343d-7f4d-a142-fe5c6269b58f'), task_id='validate_silver', dag_id='albus_hub_data_protection', run_id='manual__2026-08-23T01:51:54.350603+00:00', try_number=1, dag_version_id=UUID('01a00b3f-4876-7429-8bbb-3bfe2664838d'), map_index=-1, hostname='DESKTOP-GF7Q600.localdomain', context_carrier=None, queue='default', task=<Task(_PythonDecoratedOperator): validate_silver>, max_tries=0, start_date=datetime.datetime(2026, 8, 23, 1, 52, 15, 10631, tzinfo=datetime.timezone.utc), end_date=None, state=<TaskInstanceState.RUNNING: 'running'>, is_mapped=False, rendered_map_index=None, sentry_integration='')
2026-08-23T01:52:15.090766Z [info     ] Task instance state updated    [airflow.api_fastapi.execution_api.routes.task_instances] correlation_id=01a02c51-84eb-7cd0-ae2d-8147e6d0cbe4 loc=task_instances.py:484 new_state=success rows_affected=1 ti_id=01a02c51-343d-7f4d-a142-fe5c6269b58f
Task instance in success state
 Previous state of the Task instance: TaskInstanceState.RUNNING
Task operator:<Task(_PythonDecoratedOperator): validate_silver>
2026-08-23T01:52:15.095808Z [info     ] ::endgroup::                   [task] loc=task_runner.py:2270
2026-08-23T01:52:15.100706Z [info     ] [DAG TEST] end task task_id=validate_silver map_index=-1 [airflow.sdk.definitions.dag] loc=dag.py:1563
2026-08-23T01:52:15.108841Z [info     ] [DAG TEST] starting task_id=load_daily_volume_gold map_index=-1 [airflow.sdk.definitions.dag] loc=dag.py:1501
2026-08-23T01:52:15.108951Z [info     ] [DAG TEST] running task <TaskInstance: albus_hub_data_protection.load_daily_volume_gold manual__2026-08-23T01:51:54.350603+00:00 [TaskInstanceState.SCHEDULED] ti_id=01a02c51-343e-7da4-be7e-b9c8fae93dc1> [airflow.sdk.definitions.dag] loc=dag.py:1504
2026-08-23T01:52:15.118468Z [info     ] Task started                   [airflow.api_fastapi.execution_api.routes.task_instances] correlation_id=01a02c51-8508-7c44-b069-68e7ef387de4 hostname=DESKTOP-GF7Q600.localdomain loc=task_instances.py:231 previous_state=queued ti_id=01a02c51-343e-7da4-be7e-b9c8fae93dc1
2026-08-23T01:52:15.119079Z [info     ] Task instance state updated    [airflow.api_fastapi.execution_api.routes.task_instances] correlation_id=01a02c51-8508-7c44-b069-68e7ef387de4 loc=task_instances.py:259 rows_affected=1 ti_id=01a02c51-343e-7da4-be7e-b9c8fae93dc1
2026-08-23T01:52:15.136943Z [info     ] Updating RenderedTaskInstanceFields [airflow.api_fastapi.execution_api.routes.task_instances] correlation_id=01a02c51-851d-7997-b43c-ba6bc3aed2ee field_count=3 loc=task_instances.py:1005 ti_id=01a02c51-343e-7da4-be7e-b9c8fae93dc1
Task instance is in running state
 Previous state of the Task instance: TaskInstanceState.QUEUED
Current task name:load_daily_volume_gold
Dag name:albus_hub_data_protection
2026-08-23T01:52:15.143730Z [info     ] ::endgroup::                   [task] loc=task_runner.py:2107
2026-08-23T01:52:15.869339Z [info     ] Done. Returned value was: {'generated_at_utc': '2026-08-23T01:52:15.787049+00:00', 'quality_status': 'passed', 'silver_rows_with_valid_opened_at': 122543, 'daily_volume_rows': 3285, 'daily_breakdown_rows': 130449, 'reference_date_min': '2023-01-02T00:00:00', 'reference_date_max': '2025-12-31T00:00:00', 'checks': {'daily_duplicate_keys': 0, 'breakdown_duplicate_keys': 0, 'daily_null_values': 0, 'breakdown_null_values': 0, 'negative_counts': 0, 'reconciliation_failed': 0}, 'reconciliation': {'ALL': {'source_count': 122543, 'gold_count': 122543, 'matches': True}, 'P2': {'source_count': 15649, 'gold_count': 15649, 'matches': True}, 'P3': {'source_count': 41732, 'gold_count': 41732, 'matches': True}}} [airflow.task.operators.airflow.providers.standard.decorators.python._PythonDecoratedOperator] loc=python.py:233
2026-08-23T01:52:15.869501Z [info     ] ::group::Post Execute          [task] loc=task_runner.py:1577
2026-08-23T01:52:15.869626Z [info     ] Pushing xcom                   [task] loc=task_runner.py:2171 ti=RuntimeTaskInstance(id=UUID('01a02c51-343e-7da4-be7e-b9c8fae93dc1'), task_id='load_daily_volume_gold', dag_id='albus_hub_data_protection', run_id='manual__2026-08-23T01:51:54.350603+00:00', try_number=1, dag_version_id=UUID('01a00b3f-4876-7429-8bbb-3bfe2664838d'), map_index=-1, hostname='DESKTOP-GF7Q600.localdomain', context_carrier=None, queue='default', task=<Task(_PythonDecoratedOperator): load_daily_volume_gold>, max_tries=1, start_date=datetime.datetime(2026, 8, 23, 1, 52, 15, 112412, tzinfo=datetime.timezone.utc), end_date=None, state=<TaskInstanceState.RUNNING: 'running'>, is_mapped=False, rendered_map_index=None, sentry_integration='')
2026-08-23T01:52:15.967337Z [info     ] Task instance state updated    [airflow.api_fastapi.execution_api.routes.task_instances] correlation_id=01a02c51-8859-77a0-b033-e2b6acc4d758 loc=task_instances.py:484 new_state=success rows_affected=1 ti_id=01a02c51-343e-7da4-be7e-b9c8fae93dc1
Task instance in success state
 Previous state of the Task instance: TaskInstanceState.RUNNING
Task operator:<Task(_PythonDecoratedOperator): load_daily_volume_gold>
2026-08-23T01:52:15.971733Z [info     ] ::endgroup::                   [task] loc=task_runner.py:2270
2026-08-23T01:52:15.974115Z [info     ] [DAG TEST] end task task_id=load_daily_volume_gold map_index=-1 [airflow.sdk.definitions.dag] loc=dag.py:1563
2026-08-23T01:52:15.981103Z [info     ] [DAG TEST] starting task_id=validate_gold map_index=-1 [airflow.sdk.definitions.dag] loc=dag.py:1501
2026-08-23T01:52:15.981193Z [info     ] [DAG TEST] running task <TaskInstance: albus_hub_data_protection.validate_gold manual__2026-08-23T01:51:54.350603+00:00 [TaskInstanceState.SCHEDULED] ti_id=01a02c51-343f-70e1-8323-54cc9d988b84> [airflow.sdk.definitions.dag] loc=dag.py:1504
2026-08-23T01:52:15.990208Z [info     ] Task started                   [airflow.api_fastapi.execution_api.routes.task_instances] correlation_id=01a02c51-8870-7214-8fc9-f43188a4a929 hostname=DESKTOP-GF7Q600.localdomain loc=task_instances.py:231 previous_state=queued ti_id=01a02c51-343f-70e1-8323-54cc9d988b84
2026-08-23T01:52:15.990827Z [info     ] Task instance state updated    [airflow.api_fastapi.execution_api.routes.task_instances] correlation_id=01a02c51-8870-7214-8fc9-f43188a4a929 loc=task_instances.py:259 rows_affected=1 ti_id=01a02c51-343f-70e1-8323-54cc9d988b84
2026-08-23T01:52:16.007922Z [info     ] Updating RenderedTaskInstanceFields [airflow.api_fastapi.execution_api.routes.task_instances] correlation_id=01a02c51-8884-7c53-a5e3-54241cde051d field_count=3 loc=task_instances.py:1005 ti_id=01a02c51-343f-70e1-8323-54cc9d988b84
Task instance is in running state
 Previous state of the Task instance: TaskInstanceState.QUEUED
Current task name:validate_gold
Dag name:albus_hub_data_protection
2026-08-23T01:52:16.014854Z [info     ] ::endgroup::                   [task] loc=task_runner.py:2107
2026-08-23T01:52:16.015143Z [info     ] Done. Returned value was: {'validation': 'passed', 'gold_report_received': True} [airflow.task.operators.airflow.providers.standard.decorators.python._PythonDecoratedOperator] loc=python.py:233
2026-08-23T01:52:16.015231Z [info     ] ::group::Post Execute          [task] loc=task_runner.py:1577
2026-08-23T01:52:16.015332Z [info     ] Pushing xcom                   [task] loc=task_runner.py:2171 ti=RuntimeTaskInstance(id=UUID('01a02c51-343f-70e1-8323-54cc9d988b84'), task_id='validate_gold', dag_id='albus_hub_data_protection', run_id='manual__2026-08-23T01:51:54.350603+00:00', try_number=1, dag_version_id=UUID('01a00b3f-4876-7429-8bbb-3bfe2664838d'), map_index=-1, hostname='DESKTOP-GF7Q600.localdomain', context_carrier=None, queue='default', task=<Task(_PythonDecoratedOperator): validate_gold>, max_tries=0, start_date=datetime.datetime(2026, 8, 23, 1, 52, 15, 984336, tzinfo=datetime.timezone.utc), end_date=None, state=<TaskInstanceState.RUNNING: 'running'>, is_mapped=False, rendered_map_index=None, sentry_integration='')
2026-08-23T01:52:16.049108Z [info     ] Task instance state updated    [airflow.api_fastapi.execution_api.routes.task_instances] correlation_id=01a02c51-88aa-7a4f-bab4-ee8c864820b0 loc=task_instances.py:484 new_state=success rows_affected=1 ti_id=01a02c51-343f-70e1-8323-54cc9d988b84
Task instance in success state
 Previous state of the Task instance: TaskInstanceState.RUNNING
Task operator:<Task(_PythonDecoratedOperator): validate_gold>
2026-08-23T01:52:16.054948Z [info     ] ::endgroup::                   [task] loc=task_runner.py:2270
2026-08-23T01:52:16.060637Z [info     ] [DAG TEST] end task task_id=validate_gold map_index=-1 [airflow.sdk.definitions.dag] loc=dag.py:1563
2026-08-23T01:52:16.071223Z [info     ] [DAG TEST] starting task_id=backup_data map_index=-1 [airflow.sdk.definitions.dag] loc=dag.py:1501
2026-08-23T01:52:16.071390Z [info     ] [DAG TEST] running task <TaskInstance: albus_hub_data_protection.backup_data manual__2026-08-23T01:51:54.350603+00:00 [TaskInstanceState.SCHEDULED] ti_id=01a02c51-3445-7d5f-b189-ab482b7ef369> [airflow.sdk.definitions.dag] loc=dag.py:1504
2026-08-23T01:52:16.082693Z [info     ] Task started                   [airflow.api_fastapi.execution_api.routes.task_instances] correlation_id=01a02c51-88cb-7eb8-9b9c-f0a8ed3b2342 hostname=DESKTOP-GF7Q600.localdomain loc=task_instances.py:231 previous_state=queued ti_id=01a02c51-3445-7d5f-b189-ab482b7ef369
2026-08-23T01:52:16.083483Z [info     ] Task instance state updated    [airflow.api_fastapi.execution_api.routes.task_instances] correlation_id=01a02c51-88cb-7eb8-9b9c-f0a8ed3b2342 loc=task_instances.py:259 rows_affected=1 ti_id=01a02c51-3445-7d5f-b189-ab482b7ef369
2026-08-23T01:52:16.103167Z [info     ] Updating RenderedTaskInstanceFields [airflow.api_fastapi.execution_api.routes.task_instances] correlation_id=01a02c51-88e3-7119-8ffc-b5b5c0d1bb7c field_count=3 loc=task_instances.py:1005 ti_id=01a02c51-3445-7d5f-b189-ab482b7ef369
Task instance is in running state
 Previous state of the Task instance: TaskInstanceState.QUEUED
Current task name:backup_data
Dag name:albus_hub_data_protection
2026-08-23T01:52:16.109843Z [info     ] ::endgroup::                   [task] loc=task_runner.py:2107
2026-08-23T01:52:16.110268Z [error    ] Task failed with exception     [task] loc=task_runner.py:1673
Traceback (most recent call last):
  File "/home/bruno/.local/share/uv/tools/apache-airflow/lib/python3.12/site-packages/airflow/sdk/execution_time/task_runner.py", line 1576, in run
    result = _execute_task(context=context, ti=ti, log=log)
             ^^^^^^^^^^^^^^^^^^^^^^^^^^^^^^^^^^^^^^^^^^^^^^
  File "/home/bruno/.local/share/uv/tools/apache-airflow/lib/python3.12/site-packages/airflow/sdk/execution_time/task_runner.py", line 189, in wrapper
    return f(*inner_args, **inner_kwargs)
           ^^^^^^^^^^^^^^^^^^^^^^^^^^^^^^
  File "/home/bruno/.local/share/uv/tools/apache-airflow/lib/python3.12/site-packages/airflow/sdk/execution_time/task_runner.py", line 2125, in _execute_task
    result = ctx.run(execute, context=context)
             ^^^^^^^^^^^^^^^^^^^^^^^^^^^^^^^^^
  File "/home/bruno/.local/share/uv/tools/apache-airflow/lib/python3.12/site-packages/airflow/sdk/bases/operator.py", line 445, in wrapper
    return func(self, *args, **kwargs)
           ^^^^^^^^^^^^^^^^^^^^^^^^^^^
  File "/home/bruno/.local/share/uv/tools/apache-airflow/lib/python3.12/site-packages/airflow/sdk/bases/decorator.py", line 398, in execute
    return_value = super().execute(context)
                   ^^^^^^^^^^^^^^^^^^^^^^^^
  File "/home/bruno/.local/share/uv/tools/apache-airflow/lib/python3.12/site-packages/airflow/sdk/bases/operator.py", line 445, in wrapper
    return func(self, *args, **kwargs)
           ^^^^^^^^^^^^^^^^^^^^^^^^^^^
  File "/home/bruno/.local/share/uv/tools/apache-airflow/lib/python3.12/site-packages/airflow/providers/standard/operators/python.py", line 231, in execute
    return_value = self.execute_callable()
                   ^^^^^^^^^^^^^^^^^^^^^^^
  File "/home/bruno/.local/share/uv/tools/apache-airflow/lib/python3.12/site-packages/airflow/providers/standard/operators/python.py", line 254, in execute_callable
    return runner.run(*self.op_args, **self.op_kwargs)
           ^^^^^^^^^^^^^^^^^^^^^^^^^^^^^^^^^^^^^^^^^^^
  File "/home/bruno/.local/share/uv/tools/apache-airflow/lib/python3.12/site-packages/airflow/sdk/execution_time/callback_runner.py", line 97, in run
    return func(*args, **kwargs)
           ^^^^^^^^^^^^^^^^^^^^^
  File "/home/bruno/projetos/albus-hub/dags/albus_hub_data_protection.py", line 241, in backup_data
    raise RuntimeError(
RuntimeError: Falha simulada para teste de recovery da Sprint 3.
2026-08-23T01:52:16.113682Z [info     ] ::group::Post Execute          [task] loc=task_runner.py:1674
2026-08-23T01:52:16.131973Z [info     ] Task instance state updated    [airflow.api_fastapi.execution_api.routes.task_instances] correlation_id=01a02c51-88f4-72ca-a186-fbad099817ef loc=task_instances.py:484 new_state=up_for_retry rows_affected=1 ti_id=01a02c51-3445-7d5f-b189-ab482b7ef369
Task instance in failure state
Task start
Task:<Task(_PythonDecoratedOperator): backup_data>
Failure caused by Falha simulada para teste de recovery da Sprint 3.
2026-08-23T01:52:16.139909Z [info     ] ::endgroup::                   [task] loc=task_runner.py:2270
2026-08-23T01:52:16.142425Z [info     ] [DAG TEST] end task task_id=backup_data map_index=-1 [airflow.sdk.definitions.dag] loc=dag.py:1563
2026-08-23T01:52:16.142550Z [info     ] [DAG TEST] starting task_id=build_dimensional_model map_index=-1 [airflow.sdk.definitions.dag] loc=dag.py:1501
2026-08-23T01:52:16.142643Z [info     ] [DAG TEST] running task <TaskInstance: albus_hub_data_protection.build_dimensional_model manual__2026-08-23T01:51:54.350603+00:00 [TaskInstanceState.SCHEDULED] ti_id=01a02c51-3442-76a1-a9a9-aa6ddf4b52a8> [airflow.sdk.definitions.dag] loc=dag.py:1504
2026-08-23T01:52:16.153087Z [info     ] Task started                   [airflow.api_fastapi.execution_api.routes.task_instances] correlation_id=01a02c51-8913-7b4b-a210-e846d66692f3 hostname=DESKTOP-GF7Q600.localdomain loc=task_instances.py:231 previous_state=queued ti_id=01a02c51-3442-76a1-a9a9-aa6ddf4b52a8
2026-08-23T01:52:16.153757Z [info     ] Task instance state updated    [airflow.api_fastapi.execution_api.routes.task_instances] correlation_id=01a02c51-8913-7b4b-a210-e846d66692f3 loc=task_instances.py:259 rows_affected=1 ti_id=01a02c51-3442-76a1-a9a9-aa6ddf4b52a8
2026-08-23T01:52:16.172793Z [info     ] Updating RenderedTaskInstanceFields [airflow.api_fastapi.execution_api.routes.task_instances] correlation_id=01a02c51-8928-7a13-ba79-c8cd5d2b60e4 field_count=3 loc=task_instances.py:1005 ti_id=01a02c51-3442-76a1-a9a9-aa6ddf4b52a8
Task instance is in running state
 Previous state of the Task instance: TaskInstanceState.QUEUED
Current task name:build_dimensional_model
Dag name:albus_hub_data_protection
2026-08-23T01:52:16.179608Z [info     ] ::endgroup::                   [task] loc=task_runner.py:2107
2026-08-23T01:52:17.107876Z [info     ] Done. Returned value was: {'script': 'scripts/dw/build_dimensional_model.py', 'status': 'success', 'stdout': 'Incidentes lidos: 122,543\n\n=== CONTAGENS ===\nDIM_TEMPO: 1095\nDIM_PRIORIDADE: 5\nDIM_PRODUTO: 52\nDIM_CATEGORIA: 777\nDIM_GRUPO: 17\nDIM_ITEM_CONFIGURACAO: 9172\nFATO_INCIDENTE: 122543\n\n=== FKs NULAS ===\nsk_tempo                0\nsk_prioridade           0\nsk_produto              0\nsk_categoria            0\nsk_grupo                0\nsk_item_configuracao    0\ndtype: int64\n\n=== DUPLICIDADE INCIDENT_ID ===\n0\n\nModelo dimensional gerado em: data/dw'} [airflow.task.operators.airflow.providers.standard.decorators.python._PythonDecoratedOperator] loc=python.py:233
2026-08-23T01:52:17.108049Z [info     ] ::group::Post Execute          [task] loc=task_runner.py:1577
2026-08-23T01:52:17.108180Z [info     ] Pushing xcom                   [task] loc=task_runner.py:2171 ti=RuntimeTaskInstance(id=UUID('01a02c51-3442-76a1-a9a9-aa6ddf4b52a8'), task_id='build_dimensional_model', dag_id='albus_hub_data_protection', run_id='manual__2026-08-23T01:51:54.350603+00:00', try_number=1, dag_version_id=UUID('01a00b3f-4876-7429-8bbb-3bfe2664838d'), map_index=-1, hostname='DESKTOP-GF7Q600.localdomain', context_carrier=None, queue='default', task=<Task(_PythonDecoratedOperator): build_dimensional_model>, max_tries=1, start_date=datetime.datetime(2026, 8, 23, 1, 52, 16, 147332, tzinfo=datetime.timezone.utc), end_date=None, state=<TaskInstanceState.RUNNING: 'running'>, is_mapped=False, rendered_map_index=None, sentry_integration='')
2026-08-23T01:52:17.154980Z [info     ] Task instance state updated    [airflow.api_fastapi.execution_api.routes.task_instances] correlation_id=01a02c51-8cfd-7fb5-aaeb-9b8357fe4c30 loc=task_instances.py:484 new_state=success rows_affected=1 ti_id=01a02c51-3442-76a1-a9a9-aa6ddf4b52a8
Task instance in success state
 Previous state of the Task instance: TaskInstanceState.RUNNING
Task operator:<Task(_PythonDecoratedOperator): build_dimensional_model>
2026-08-23T01:52:17.160020Z [info     ] ::endgroup::                   [task] loc=task_runner.py:2270
2026-08-23T01:52:17.165431Z [info     ] [DAG TEST] end task task_id=build_dimensional_model map_index=-1 [airflow.sdk.definitions.dag] loc=dag.py:1563
2026-08-23T01:52:17.165559Z [info     ] [DAG TEST] starting task_id=publish_analytics_gold map_index=-1 [airflow.sdk.definitions.dag] loc=dag.py:1501
2026-08-23T01:52:17.165660Z [info     ] [DAG TEST] running task <TaskInstance: albus_hub_data_protection.publish_analytics_gold manual__2026-08-23T01:51:54.350603+00:00 [TaskInstanceState.SCHEDULED] ti_id=01a02c51-3440-70fb-a82b-50fd190afec9> [airflow.sdk.definitions.dag] loc=dag.py:1504
2026-08-23T01:52:17.175982Z [info     ] Task started                   [airflow.api_fastapi.execution_api.routes.task_instances] correlation_id=01a02c51-8d12-71da-afc3-9cd79b48e36c hostname=DESKTOP-GF7Q600.localdomain loc=task_instances.py:231 previous_state=queued ti_id=01a02c51-3440-70fb-a82b-50fd190afec9
2026-08-23T01:52:17.176581Z [info     ] Task instance state updated    [airflow.api_fastapi.execution_api.routes.task_instances] correlation_id=01a02c51-8d12-71da-afc3-9cd79b48e36c loc=task_instances.py:259 rows_affected=1 ti_id=01a02c51-3440-70fb-a82b-50fd190afec9
2026-08-23T01:52:17.193254Z [info     ] Updating RenderedTaskInstanceFields [airflow.api_fastapi.execution_api.routes.task_instances] correlation_id=01a02c51-8d25-78f5-9c9e-15b80e043d97 field_count=3 loc=task_instances.py:1005 ti_id=01a02c51-3440-70fb-a82b-50fd190afec9
Task instance is in running state
 Previous state of the Task instance: TaskInstanceState.QUEUED
Current task name:publish_analytics_gold
Dag name:albus_hub_data_protection
2026-08-23T01:52:17.200417Z [info     ] ::endgroup::                   [task] loc=task_runner.py:2107
2026-08-23T01:52:22.728977Z [info     ] Done. Returned value was: {'script': 'scripts/gold/publish_analytics_gold.py', 'status': 'success', 'stdout': '=== PUBLICAÇÃO GOLD ANALÍTICO ===\nEnviando data/gold/daily_incident_volume.parquet -> gold/analytics/daily_incident_volume.parquet\nEnviando data/gold/daily_incident_breakdown.parquet -> gold/analytics/daily_incident_breakdown.parquet\n\nANALYTICS_GOLD_PUBLISH=SUCCESS'} [airflow.task.operators.airflow.providers.standard.decorators.python._PythonDecoratedOperator] loc=python.py:233
2026-08-23T01:52:22.729149Z [info     ] ::group::Post Execute          [task] loc=task_runner.py:1577
2026-08-23T01:52:22.729289Z [info     ] Pushing xcom                   [task] loc=task_runner.py:2171 ti=RuntimeTaskInstance(id=UUID('01a02c51-3440-70fb-a82b-50fd190afec9'), task_id='publish_analytics_gold', dag_id='albus_hub_data_protection', run_id='manual__2026-08-23T01:51:54.350603+00:00', try_number=1, dag_version_id=UUID('01a00b3f-4876-7429-8bbb-3bfe2664838d'), map_index=-1, hostname='DESKTOP-GF7Q600.localdomain', context_carrier=None, queue='default', task=<Task(_PythonDecoratedOperator): publish_analytics_gold>, max_tries=1, start_date=datetime.datetime(2026, 8, 23, 1, 52, 17, 170178, tzinfo=datetime.timezone.utc), end_date=None, state=<TaskInstanceState.RUNNING: 'running'>, is_mapped=False, rendered_map_index=None, sentry_integration='')
2026-08-23T01:52:22.774739Z [info     ] Task instance state updated    [airflow.api_fastapi.execution_api.routes.task_instances] correlation_id=01a02c51-a2f0-73dd-8d50-ba13fd759d9c loc=task_instances.py:484 new_state=success rows_affected=1 ti_id=01a02c51-3440-70fb-a82b-50fd190afec9
Task instance in success state
 Previous state of the Task instance: TaskInstanceState.RUNNING
Task operator:<Task(_PythonDecoratedOperator): publish_analytics_gold>
2026-08-23T01:52:22.779830Z [info     ] ::endgroup::                   [task] loc=task_runner.py:2270
2026-08-23T01:52:22.784817Z [info     ] [DAG TEST] end task task_id=publish_analytics_gold map_index=-1 [airflow.sdk.definitions.dag] loc=dag.py:1563
2026-08-23T01:52:22.792500Z [info     ] [DAG TEST] starting task_id=refresh_dashboard_serving map_index=-1 [airflow.sdk.definitions.dag] loc=dag.py:1501
2026-08-23T01:52:22.792607Z [info     ] [DAG TEST] running task <TaskInstance: albus_hub_data_protection.refresh_dashboard_serving manual__2026-08-23T01:51:54.350603+00:00 [TaskInstanceState.SCHEDULED] ti_id=01a02c51-3441-7c1b-bfba-3d8e2f0e8763> [airflow.sdk.definitions.dag] loc=dag.py:1504
2026-08-23T01:52:22.801947Z [info     ] Task started                   [airflow.api_fastapi.execution_api.routes.task_instances] correlation_id=01a02c51-a30c-7dd2-b1e2-5983a3afcb9e hostname=DESKTOP-GF7Q600.localdomain loc=task_instances.py:231 previous_state=queued ti_id=01a02c51-3441-7c1b-bfba-3d8e2f0e8763
2026-08-23T01:52:22.802919Z [info     ] Task instance state updated    [airflow.api_fastapi.execution_api.routes.task_instances] correlation_id=01a02c51-a30c-7dd2-b1e2-5983a3afcb9e loc=task_instances.py:259 rows_affected=1 ti_id=01a02c51-3441-7c1b-bfba-3d8e2f0e8763
2026-08-23T01:52:22.821155Z [info     ] Updating RenderedTaskInstanceFields [airflow.api_fastapi.execution_api.routes.task_instances] correlation_id=01a02c51-a321-7e40-a58e-f74df2e95e2e field_count=3 loc=task_instances.py:1005 ti_id=01a02c51-3441-7c1b-bfba-3d8e2f0e8763
Task instance is in running state
 Previous state of the Task instance: TaskInstanceState.QUEUED
Current task name:refresh_dashboard_serving
Dag name:albus_hub_data_protection
2026-08-23T01:52:22.827947Z [info     ] ::endgroup::                   [task] loc=task_runner.py:2107
2026-08-23T01:52:46.029173Z [error    ] Task failed with exception     [task] loc=task_runner.py:1673
Traceback (most recent call last):
  File "/home/bruno/.local/share/uv/tools/apache-airflow/lib/python3.12/site-packages/airflow/sdk/execution_time/task_runner.py", line 1576, in run
    result = _execute_task(context=context, ti=ti, log=log)
             ^^^^^^^^^^^^^^^^^^^^^^^^^^^^^^^^^^^^^^^^^^^^^^
  File "/home/bruno/.local/share/uv/tools/apache-airflow/lib/python3.12/site-packages/airflow/sdk/execution_time/task_runner.py", line 189, in wrapper
    return f(*inner_args, **inner_kwargs)
           ^^^^^^^^^^^^^^^^^^^^^^^^^^^^^^
  File "/home/bruno/.local/share/uv/tools/apache-airflow/lib/python3.12/site-packages/airflow/sdk/execution_time/task_runner.py", line 2125, in _execute_task
    result = ctx.run(execute, context=context)
             ^^^^^^^^^^^^^^^^^^^^^^^^^^^^^^^^^
  File "/home/bruno/.local/share/uv/tools/apache-airflow/lib/python3.12/site-packages/airflow/sdk/bases/operator.py", line 445, in wrapper
    return func(self, *args, **kwargs)
           ^^^^^^^^^^^^^^^^^^^^^^^^^^^
  File "/home/bruno/.local/share/uv/tools/apache-airflow/lib/python3.12/site-packages/airflow/sdk/bases/decorator.py", line 398, in execute
    return_value = super().execute(context)
                   ^^^^^^^^^^^^^^^^^^^^^^^^
  File "/home/bruno/.local/share/uv/tools/apache-airflow/lib/python3.12/site-packages/airflow/sdk/bases/operator.py", line 445, in wrapper
    return func(self, *args, **kwargs)
           ^^^^^^^^^^^^^^^^^^^^^^^^^^^
  File "/home/bruno/.local/share/uv/tools/apache-airflow/lib/python3.12/site-packages/airflow/providers/standard/operators/python.py", line 231, in execute
    return_value = self.execute_callable()
                   ^^^^^^^^^^^^^^^^^^^^^^^
  File "/home/bruno/.local/share/uv/tools/apache-airflow/lib/python3.12/site-packages/airflow/providers/standard/operators/python.py", line 254, in execute_callable
    return runner.run(*self.op_args, **self.op_kwargs)
           ^^^^^^^^^^^^^^^^^^^^^^^^^^^^^^^^^^^^^^^^^^^
  File "/home/bruno/.local/share/uv/tools/apache-airflow/lib/python3.12/site-packages/airflow/sdk/execution_time/callback_runner.py", line 97, in run
    return func(*args, **kwargs)
           ^^^^^^^^^^^^^^^^^^^^^
  File "/home/bruno/projetos/albus-hub/dags/albus_hub_data_protection.py", line 187, in refresh_dashboard_serving
    return run_project_script("scripts/serving/refresh_dashboard_serving.py")
           ^^^^^^^^^^^^^^^^^^^^^^^^^^^^^^^^^^^^^^^^^^^^^^^^^^^^^^^^^^^^^^^^^^
  File "/home/bruno/projetos/albus-hub/dags/albus_hub_data_protection.py", line 46, in run_project_script
    result = subprocess.run(
             ^^^^^^^^^^^^^^^
  File "/home/bruno/.local/share/uv/python/cpython-3.12.13-linux-x86_64-gnu/lib/python3.12/subprocess.py", line 571, in run
    raise CalledProcessError(retcode, process.args,
subprocess.CalledProcessError: Command '['uv', 'run', 'python', 'scripts/serving/refresh_dashboard_serving.py']' returned non-zero exit status 1.
2026-08-23T01:52:46.032579Z [info     ] ::group::Post Execute          [task] loc=task_runner.py:1674
2026-08-23T01:52:46.043885Z [info     ] Task instance state updated    [airflow.api_fastapi.execution_api.routes.task_instances] correlation_id=01a02c51-fdd1-709c-8129-52653dfeb4d9 loc=task_instances.py:484 new_state=up_for_retry rows_affected=1 ti_id=01a02c51-3441-7c1b-bfba-3d8e2f0e8763
Task instance in failure state
Task start
Task:<Task(_PythonDecoratedOperator): refresh_dashboard_serving>
Failure caused by Command '['uv', 'run', 'python', 'scripts/serving/refresh_dashboard_serving.py']' returned non-zero exit status 1.
2026-08-23T01:52:46.050840Z [info     ] ::endgroup::                   [task] loc=task_runner.py:2270
2026-08-23T01:52:46.053212Z [info     ] [DAG TEST] end task task_id=refresh_dashboard_serving map_index=-1 [airflow.sdk.definitions.dag] loc=dag.py:1563
2026-08-23T01:52:46.053331Z [info     ] [DAG TEST] starting task_id=publish_dimensional_model map_index=-1 [airflow.sdk.definitions.dag] loc=dag.py:1501
2026-08-23T01:52:46.053410Z [info     ] [DAG TEST] running task <TaskInstance: albus_hub_data_protection.publish_dimensional_model manual__2026-08-23T01:51:54.350603+00:00 [TaskInstanceState.SCHEDULED] ti_id=01a02c51-3443-7ab7-9c21-8d517bbb02ea> [airflow.sdk.definitions.dag] loc=dag.py:1504
2026-08-23T01:52:46.064629Z [info     ] Task started                   [airflow.api_fastapi.execution_api.routes.task_instances] correlation_id=01a02c51-fdea-7c8a-8c6c-05b98f137351 hostname=DESKTOP-GF7Q600.localdomain loc=task_instances.py:231 previous_state=queued ti_id=01a02c51-3443-7ab7-9c21-8d517bbb02ea
2026-08-23T01:52:46.065400Z [info     ] Task instance state updated    [airflow.api_fastapi.execution_api.routes.task_instances] correlation_id=01a02c51-fdea-7c8a-8c6c-05b98f137351 loc=task_instances.py:259 rows_affected=1 ti_id=01a02c51-3443-7ab7-9c21-8d517bbb02ea
2026-08-23T01:52:46.084168Z [info     ] Updating RenderedTaskInstanceFields [airflow.api_fastapi.execution_api.routes.task_instances] correlation_id=01a02c51-fe00-7439-bfd2-12e16d9b2b8b field_count=3 loc=task_instances.py:1005 ti_id=01a02c51-3443-7ab7-9c21-8d517bbb02ea
Task instance is in running state
 Previous state of the Task instance: TaskInstanceState.QUEUED
Current task name:publish_dimensional_model
Dag name:albus_hub_data_protection
2026-08-23T01:52:46.092409Z [info     ] ::endgroup::                   [task] loc=task_runner.py:2107
2026-08-23T01:53:03.718725Z [info     ] Done. Returned value was: {'script': 'scripts/dw/publish_dimensional_model.py', 'status': 'success', 'stdout': '=== PUBLICAÇÃO DO DW NO ADLS ===\nEnviando data/dw/dim_tempo.parquet -> gold/dw/dim_tempo.parquet\nEnviando data/dw/dim_prioridade.parquet -> gold/dw/dim_prioridade.parquet\nEnviando data/dw/dim_produto.parquet -> gold/dw/dim_produto.parquet\nEnviando data/dw/dim_categoria.parquet -> gold/dw/dim_categoria.parquet\nEnviando data/dw/dim_grupo.parquet -> gold/dw/dim_grupo.parquet\nEnviando data/dw/dim_item_configuracao.parquet -> gold/dw/dim_item_configuracao.parquet\nEnviando data/dw/fato_incidente.parquet -> gold/dw/fato_incidente.parquet\n\nDW_ADLS_PUBLISH=SUCCESS'} [airflow.task.operators.airflow.providers.standard.decorators.python._PythonDecoratedOperator] loc=python.py:233
2026-08-23T01:53:03.718888Z [info     ] ::group::Post Execute          [task] loc=task_runner.py:1577
2026-08-23T01:53:03.719016Z [info     ] Pushing xcom                   [task] loc=task_runner.py:2171 ti=RuntimeTaskInstance(id=UUID('01a02c51-3443-7ab7-9c21-8d517bbb02ea'), task_id='publish_dimensional_model', dag_id='albus_hub_data_protection', run_id='manual__2026-08-23T01:51:54.350603+00:00', try_number=1, dag_version_id=UUID('01a00b3f-4876-7429-8bbb-3bfe2664838d'), map_index=-1, hostname='DESKTOP-GF7Q600.localdomain', context_carrier=None, queue='default', task=<Task(_PythonDecoratedOperator): publish_dimensional_model>, max_tries=1, start_date=datetime.datetime(2026, 8, 23, 1, 52, 46, 58621, tzinfo=datetime.timezone.utc), end_date=None, state=<TaskInstanceState.RUNNING: 'running'>, is_mapped=False, rendered_map_index=None, sentry_integration='')
2026-08-23T01:53:03.763616Z [info     ] Task instance state updated    [airflow.api_fastapi.execution_api.routes.task_instances] correlation_id=01a02c52-430d-7cbb-9946-66986c2a0233 loc=task_instances.py:484 new_state=success rows_affected=1 ti_id=01a02c51-3443-7ab7-9c21-8d517bbb02ea
Task instance in success state
 Previous state of the Task instance: TaskInstanceState.RUNNING
Task operator:<Task(_PythonDecoratedOperator): publish_dimensional_model>
2026-08-23T01:53:03.768809Z [info     ] ::endgroup::                   [task] loc=task_runner.py:2270
2026-08-23T01:53:03.773557Z [info     ] [DAG TEST] end task task_id=publish_dimensional_model map_index=-1 [airflow.sdk.definitions.dag] loc=dag.py:1563
2026-08-23T01:53:03.781049Z [info     ] [DAG TEST] starting task_id=refresh_dimensional_dw map_index=-1 [airflow.sdk.definitions.dag] loc=dag.py:1501
2026-08-23T01:53:03.781205Z [info     ] [DAG TEST] running task <TaskInstance: albus_hub_data_protection.refresh_dimensional_dw manual__2026-08-23T01:51:54.350603+00:00 [TaskInstanceState.SCHEDULED] ti_id=01a02c51-3444-7ac7-9fe9-0b2d8b539225> [airflow.sdk.definitions.dag] loc=dag.py:1504
2026-08-23T01:53:03.790695Z [info     ] Task started                   [airflow.api_fastapi.execution_api.routes.task_instances] correlation_id=01a02c52-4329-7de7-b3a3-1a7aadcd32ae hostname=DESKTOP-GF7Q600.localdomain loc=task_instances.py:231 previous_state=queued ti_id=01a02c51-3444-7ac7-9fe9-0b2d8b539225
2026-08-23T01:53:03.791415Z [info     ] Task instance state updated    [airflow.api_fastapi.execution_api.routes.task_instances] correlation_id=01a02c52-4329-7de7-b3a3-1a7aadcd32ae loc=task_instances.py:259 rows_affected=1 ti_id=01a02c51-3444-7ac7-9fe9-0b2d8b539225
2026-08-23T01:53:03.808476Z [info     ] Updating RenderedTaskInstanceFields [airflow.api_fastapi.execution_api.routes.task_instances] correlation_id=01a02c52-433d-7515-b420-b82b88cca022 field_count=3 loc=task_instances.py:1005 ti_id=01a02c51-3444-7ac7-9fe9-0b2d8b539225
Task instance is in running state
 Previous state of the Task instance: TaskInstanceState.QUEUED
Current task name:refresh_dimensional_dw
Dag name:albus_hub_data_protection
2026-08-23T01:53:03.815250Z [info     ] ::endgroup::                   [task] loc=task_runner.py:2107
2026-08-23T01:53:22.353072Z [error    ] Task failed with exception     [task] loc=task_runner.py:1673
Traceback (most recent call last):
  File "/home/bruno/.local/share/uv/tools/apache-airflow/lib/python3.12/site-packages/airflow/sdk/execution_time/task_runner.py", line 1576, in run
    result = _execute_task(context=context, ti=ti, log=log)
             ^^^^^^^^^^^^^^^^^^^^^^^^^^^^^^^^^^^^^^^^^^^^^^
  File "/home/bruno/.local/share/uv/tools/apache-airflow/lib/python3.12/site-packages/airflow/sdk/execution_time/task_runner.py", line 189, in wrapper
    return f(*inner_args, **inner_kwargs)
           ^^^^^^^^^^^^^^^^^^^^^^^^^^^^^^
  File "/home/bruno/.local/share/uv/tools/apache-airflow/lib/python3.12/site-packages/airflow/sdk/execution_time/task_runner.py", line 2125, in _execute_task
    result = ctx.run(execute, context=context)
             ^^^^^^^^^^^^^^^^^^^^^^^^^^^^^^^^^
  File "/home/bruno/.local/share/uv/tools/apache-airflow/lib/python3.12/site-packages/airflow/sdk/bases/operator.py", line 445, in wrapper
    return func(self, *args, **kwargs)
           ^^^^^^^^^^^^^^^^^^^^^^^^^^^
  File "/home/bruno/.local/share/uv/tools/apache-airflow/lib/python3.12/site-packages/airflow/sdk/bases/decorator.py", line 398, in execute
    return_value = super().execute(context)
                   ^^^^^^^^^^^^^^^^^^^^^^^^
  File "/home/bruno/.local/share/uv/tools/apache-airflow/lib/python3.12/site-packages/airflow/sdk/bases/operator.py", line 445, in wrapper
    return func(self, *args, **kwargs)
           ^^^^^^^^^^^^^^^^^^^^^^^^^^^
  File "/home/bruno/.local/share/uv/tools/apache-airflow/lib/python3.12/site-packages/airflow/providers/standard/operators/python.py", line 231, in execute
    return_value = self.execute_callable()
                   ^^^^^^^^^^^^^^^^^^^^^^^
  File "/home/bruno/.local/share/uv/tools/apache-airflow/lib/python3.12/site-packages/airflow/providers/standard/operators/python.py", line 254, in execute_callable
    return runner.run(*self.op_args, **self.op_kwargs)
           ^^^^^^^^^^^^^^^^^^^^^^^^^^^^^^^^^^^^^^^^^^^
  File "/home/bruno/.local/share/uv/tools/apache-airflow/lib/python3.12/site-packages/airflow/sdk/execution_time/callback_runner.py", line 97, in run
    return func(*args, **kwargs)
           ^^^^^^^^^^^^^^^^^^^^^
  File "/home/bruno/projetos/albus-hub/dags/albus_hub_data_protection.py", line 229, in refresh_dimensional_dw
    return run_project_script("scripts/dw/refresh_dimensional_dw.py")
           ^^^^^^^^^^^^^^^^^^^^^^^^^^^^^^^^^^^^^^^^^^^^^^^^^^^^^^^^^^
  File "/home/bruno/projetos/albus-hub/dags/albus_hub_data_protection.py", line 46, in run_project_script
    result = subprocess.run(
             ^^^^^^^^^^^^^^^
  File "/home/bruno/.local/share/uv/python/cpython-3.12.13-linux-x86_64-gnu/lib/python3.12/subprocess.py", line 571, in run
    raise CalledProcessError(retcode, process.args,
subprocess.CalledProcessError: Command '['uv', 'run', 'python', 'scripts/dw/refresh_dimensional_dw.py']' returned non-zero exit status 1.
2026-08-23T01:53:22.353770Z [info     ] ::group::Post Execute          [task] loc=task_runner.py:1674
Task instance in failure state
Task start
Task:<Task(_PythonDecoratedOperator): refresh_dimensional_dw>
Failure caused by Command '['uv', 'run', 'python', 'scripts/dw/refresh_dimensional_dw.py']' returned non-zero exit status 1.
2026-08-23T01:53:22.354174Z [info     ] ::endgroup::                   [task] loc=task_runner.py:2270
2026-08-23T01:53:22.361510Z [info     ] Task instance state updated    [airflow.api_fastapi.execution_api.routes.task_instances] correlation_id=01a02c52-8bb2-7fb6-88ca-87d13eaf180a loc=task_instances.py:484 new_state=failed rows_affected=1 ti_id=01a02c51-3444-7ac7-9fe9-0b2d8b539225
2026-08-23T01:53:22.372192Z [info     ] [DAG TEST] end task task_id=refresh_dimensional_dw map_index=-1 [airflow.sdk.definitions.dag] loc=dag.py:1563
2026-08-23T01:53:22.379518Z [warning  ] No tasks to run. unrunnable tasks: {<TaskInstance: albus_hub_data_protection.refresh_dashboard_serving manual__2026-08-23T01:51:54.350603+00:00 [up_for_retry] ti_id=01a02c51-fddb-7158-a374-ecfd42bd9883>, <TaskInstance: albus_hub_data_protection.backup_data manual__2026-08-23T01:51:54.350603+00:00 [up_for_retry] ti_id=01a02c51-8903-7c7a-9dd9-68a9a5c2e678>} [airflow.sdk.definitions.dag] loc=dag.py:1424
2026-08-23T01:53:23.388916Z [warning  ] No tasks to run. unrunnable tasks: {<TaskInstance: albus_hub_data_protection.refresh_dashboard_serving manual__2026-08-23T01:51:54.350603+00:00 [up_for_retry] ti_id=01a02c51-fddb-7158-a374-ecfd42bd9883>, <TaskInstance: albus_hub_data_protection.backup_data manual__2026-08-23T01:51:54.350603+00:00 [up_for_retry] ti_id=01a02c51-8903-7c7a-9dd9-68a9a5c2e678>} [airflow.sdk.definitions.dag] loc=dag.py:1424
2026-08-23T01:53:24.398064Z [warning  ] No tasks to run. unrunnable tasks: {<TaskInstance: albus_hub_data_protection.refresh_dashboard_serving manual__2026-08-23T01:51:54.350603+00:00 [up_for_retry] ti_id=01a02c51-fddb-7158-a374-ecfd42bd9883>, <TaskInstance: albus_hub_data_protection.backup_data manual__2026-08-23T01:51:54.350603+00:00 [up_for_retry] ti_id=01a02c51-8903-7c7a-9dd9-68a9a5c2e678>} [airflow.sdk.definitions.dag] loc=dag.py:1424
2026-08-23T01:53:25.407184Z [warning  ] No tasks to run. unrunnable tasks: {<TaskInstance: albus_hub_data_protection.refresh_dashboard_serving manual__2026-08-23T01:51:54.350603+00:00 [up_for_retry] ti_id=01a02c51-fddb-7158-a374-ecfd42bd9883>, <TaskInstance: albus_hub_data_protection.backup_data manual__2026-08-23T01:51:54.350603+00:00 [up_for_retry] ti_id=01a02c51-8903-7c7a-9dd9-68a9a5c2e678>} [airflow.sdk.definitions.dag] loc=dag.py:1424
2026-08-23T01:53:26.416392Z [warning  ] No tasks to run. unrunnable tasks: {<TaskInstance: albus_hub_data_protection.refresh_dashboard_serving manual__2026-08-23T01:51:54.350603+00:00 [up_for_retry] ti_id=01a02c51-fddb-7158-a374-ecfd42bd9883>, <TaskInstance: albus_hub_data_protection.backup_data manual__2026-08-23T01:51:54.350603+00:00 [up_for_retry] ti_id=01a02c51-8903-7c7a-9dd9-68a9a5c2e678>} [airflow.sdk.definitions.dag] loc=dag.py:1424
2026-08-23T01:53:27.423959Z [warning  ] No tasks to run. unrunnable tasks: {<TaskInstance: albus_hub_data_protection.refresh_dashboard_serving manual__2026-08-23T01:51:54.350603+00:00 [up_for_retry] ti_id=01a02c51-fddb-7158-a374-ecfd42bd9883>, <TaskInstance: albus_hub_data_protection.backup_data manual__2026-08-23T01:51:54.350603+00:00 [up_for_retry] ti_id=01a02c51-8903-7c7a-9dd9-68a9a5c2e678>} [airflow.sdk.definitions.dag] loc=dag.py:1424
2026-08-23T01:53:28.432713Z [warning  ] No tasks to run. unrunnable tasks: {<TaskInstance: albus_hub_data_protection.refresh_dashboard_serving manual__2026-08-23T01:51:54.350603+00:00 [up_for_retry] ti_id=01a02c51-fddb-7158-a374-ecfd42bd9883>, <TaskInstance: albus_hub_data_protection.backup_data manual__2026-08-23T01:51:54.350603+00:00 [up_for_retry] ti_id=01a02c51-8903-7c7a-9dd9-68a9a5c2e678>} [airflow.sdk.definitions.dag] loc=dag.py:1424
2026-08-23T01:53:29.441973Z [warning  ] No tasks to run. unrunnable tasks: {<TaskInstance: albus_hub_data_protection.refresh_dashboard_serving manual__2026-08-23T01:51:54.350603+00:00 [up_for_retry] ti_id=01a02c51-fddb-7158-a374-ecfd42bd9883>, <TaskInstance: albus_hub_data_protection.backup_data manual__2026-08-23T01:51:54.350603+00:00 [up_for_retry] ti_id=01a02c51-8903-7c7a-9dd9-68a9a5c2e678>} [airflow.sdk.definitions.dag] loc=dag.py:1424
2026-08-23T01:53:30.451502Z [warning  ] No tasks to run. unrunnable tasks: {<TaskInstance: albus_hub_data_protection.refresh_dashboard_serving manual__2026-08-23T01:51:54.350603+00:00 [up_for_retry] ti_id=01a02c51-fddb-7158-a374-ecfd42bd9883>, <TaskInstance: albus_hub_data_protection.backup_data manual__2026-08-23T01:51:54.350603+00:00 [up_for_retry] ti_id=01a02c51-8903-7c7a-9dd9-68a9a5c2e678>} [airflow.sdk.definitions.dag] loc=dag.py:1424
2026-08-23T01:53:31.460750Z [warning  ] No tasks to run. unrunnable tasks: {<TaskInstance: albus_hub_data_protection.refresh_dashboard_serving manual__2026-08-23T01:51:54.350603+00:00 [up_for_retry] ti_id=01a02c51-fddb-7158-a374-ecfd42bd9883>, <TaskInstance: albus_hub_data_protection.backup_data manual__2026-08-23T01:51:54.350603+00:00 [up_for_retry] ti_id=01a02c51-8903-7c7a-9dd9-68a9a5c2e678>} [airflow.sdk.definitions.dag] loc=dag.py:1424
2026-08-23T01:53:32.469740Z [warning  ] No tasks to run. unrunnable tasks: {<TaskInstance: albus_hub_data_protection.refresh_dashboard_serving manual__2026-08-23T01:51:54.350603+00:00 [up_for_retry] ti_id=01a02c51-fddb-7158-a374-ecfd42bd9883>, <TaskInstance: albus_hub_data_protection.backup_data manual__2026-08-23T01:51:54.350603+00:00 [up_for_retry] ti_id=01a02c51-8903-7c7a-9dd9-68a9a5c2e678>} [airflow.sdk.definitions.dag] loc=dag.py:1424
2026-08-23T01:53:33.479144Z [warning  ] No tasks to run. unrunnable tasks: {<TaskInstance: albus_hub_data_protection.refresh_dashboard_serving manual__2026-08-23T01:51:54.350603+00:00 [up_for_retry] ti_id=01a02c51-fddb-7158-a374-ecfd42bd9883>, <TaskInstance: albus_hub_data_protection.backup_data manual__2026-08-23T01:51:54.350603+00:00 [up_for_retry] ti_id=01a02c51-8903-7c7a-9dd9-68a9a5c2e678>} [airflow.sdk.definitions.dag] loc=dag.py:1424
2026-08-23T01:53:34.488496Z [warning  ] No tasks to run. unrunnable tasks: {<TaskInstance: albus_hub_data_protection.refresh_dashboard_serving manual__2026-08-23T01:51:54.350603+00:00 [up_for_retry] ti_id=01a02c51-fddb-7158-a374-ecfd42bd9883>, <TaskInstance: albus_hub_data_protection.backup_data manual__2026-08-23T01:51:54.350603+00:00 [up_for_retry] ti_id=01a02c51-8903-7c7a-9dd9-68a9a5c2e678>} [airflow.sdk.definitions.dag] loc=dag.py:1424
2026-08-23T01:53:35.497333Z [warning  ] No tasks to run. unrunnable tasks: {<TaskInstance: albus_hub_data_protection.refresh_dashboard_serving manual__2026-08-23T01:51:54.350603+00:00 [up_for_retry] ti_id=01a02c51-fddb-7158-a374-ecfd42bd9883>, <TaskInstance: albus_hub_data_protection.backup_data manual__2026-08-23T01:51:54.350603+00:00 [up_for_retry] ti_id=01a02c51-8903-7c7a-9dd9-68a9a5c2e678>} [airflow.sdk.definitions.dag] loc=dag.py:1424
2026-08-23T01:53:36.506283Z [warning  ] No tasks to run. unrunnable tasks: {<TaskInstance: albus_hub_data_protection.refresh_dashboard_serving manual__2026-08-23T01:51:54.350603+00:00 [up_for_retry] ti_id=01a02c51-fddb-7158-a374-ecfd42bd9883>, <TaskInstance: albus_hub_data_protection.backup_data manual__2026-08-23T01:51:54.350603+00:00 [up_for_retry] ti_id=01a02c51-8903-7c7a-9dd9-68a9a5c2e678>} [airflow.sdk.definitions.dag] loc=dag.py:1424
2026-08-23T01:53:37.515024Z [warning  ] No tasks to run. unrunnable tasks: {<TaskInstance: albus_hub_data_protection.refresh_dashboard_serving manual__2026-08-23T01:51:54.350603+00:00 [up_for_retry] ti_id=01a02c51-fddb-7158-a374-ecfd42bd9883>, <TaskInstance: albus_hub_data_protection.backup_data manual__2026-08-23T01:51:54.350603+00:00 [up_for_retry] ti_id=01a02c51-8903-7c7a-9dd9-68a9a5c2e678>} [airflow.sdk.definitions.dag] loc=dag.py:1424
2026-08-23T01:53:38.523597Z [warning  ] No tasks to run. unrunnable tasks: {<TaskInstance: albus_hub_data_protection.refresh_dashboard_serving manual__2026-08-23T01:51:54.350603+00:00 [up_for_retry] ti_id=01a02c51-fddb-7158-a374-ecfd42bd9883>, <TaskInstance: albus_hub_data_protection.backup_data manual__2026-08-23T01:51:54.350603+00:00 [up_for_retry] ti_id=01a02c51-8903-7c7a-9dd9-68a9a5c2e678>} [airflow.sdk.definitions.dag] loc=dag.py:1424
2026-08-23T01:53:39.532094Z [warning  ] No tasks to run. unrunnable tasks: {<TaskInstance: albus_hub_data_protection.refresh_dashboard_serving manual__2026-08-23T01:51:54.350603+00:00 [up_for_retry] ti_id=01a02c51-fddb-7158-a374-ecfd42bd9883>, <TaskInstance: albus_hub_data_protection.backup_data manual__2026-08-23T01:51:54.350603+00:00 [up_for_retry] ti_id=01a02c51-8903-7c7a-9dd9-68a9a5c2e678>} [airflow.sdk.definitions.dag] loc=dag.py:1424
2026-08-23T01:53:40.540551Z [warning  ] No tasks to run. unrunnable tasks: {<TaskInstance: albus_hub_data_protection.refresh_dashboard_serving manual__2026-08-23T01:51:54.350603+00:00 [up_for_retry] ti_id=01a02c51-fddb-7158-a374-ecfd42bd9883>, <TaskInstance: albus_hub_data_protection.backup_data manual__2026-08-23T01:51:54.350603+00:00 [up_for_retry] ti_id=01a02c51-8903-7c7a-9dd9-68a9a5c2e678>} [airflow.sdk.definitions.dag] loc=dag.py:1424
2026-08-23T01:53:41.549021Z [warning  ] No tasks to run. unrunnable tasks: {<TaskInstance: albus_hub_data_protection.refresh_dashboard_serving manual__2026-08-23T01:51:54.350603+00:00 [up_for_retry] ti_id=01a02c51-fddb-7158-a374-ecfd42bd9883>, <TaskInstance: albus_hub_data_protection.backup_data manual__2026-08-23T01:51:54.350603+00:00 [up_for_retry] ti_id=01a02c51-8903-7c7a-9dd9-68a9a5c2e678>} [airflow.sdk.definitions.dag] loc=dag.py:1424
2026-08-23T01:53:42.557828Z [warning  ] No tasks to run. unrunnable tasks: {<TaskInstance: albus_hub_data_protection.refresh_dashboard_serving manual__2026-08-23T01:51:54.350603+00:00 [up_for_retry] ti_id=01a02c51-fddb-7158-a374-ecfd42bd9883>, <TaskInstance: albus_hub_data_protection.backup_data manual__2026-08-23T01:51:54.350603+00:00 [up_for_retry] ti_id=01a02c51-8903-7c7a-9dd9-68a9a5c2e678>} [airflow.sdk.definitions.dag] loc=dag.py:1424
2026-08-23T01:53:43.566757Z [warning  ] No tasks to run. unrunnable tasks: {<TaskInstance: albus_hub_data_protection.refresh_dashboard_serving manual__2026-08-23T01:51:54.350603+00:00 [up_for_retry] ti_id=01a02c51-fddb-7158-a374-ecfd42bd9883>, <TaskInstance: albus_hub_data_protection.backup_data manual__2026-08-23T01:51:54.350603+00:00 [up_for_retry] ti_id=01a02c51-8903-7c7a-9dd9-68a9a5c2e678>} [airflow.sdk.definitions.dag] loc=dag.py:1424
2026-08-23T01:53:44.576633Z [warning  ] No tasks to run. unrunnable tasks: {<TaskInstance: albus_hub_data_protection.refresh_dashboard_serving manual__2026-08-23T01:51:54.350603+00:00 [up_for_retry] ti_id=01a02c51-fddb-7158-a374-ecfd42bd9883>, <TaskInstance: albus_hub_data_protection.backup_data manual__2026-08-23T01:51:54.350603+00:00 [up_for_retry] ti_id=01a02c51-8903-7c7a-9dd9-68a9a5c2e678>} [airflow.sdk.definitions.dag] loc=dag.py:1424
2026-08-23T01:53:45.586937Z [warning  ] No tasks to run. unrunnable tasks: {<TaskInstance: albus_hub_data_protection.refresh_dashboard_serving manual__2026-08-23T01:51:54.350603+00:00 [up_for_retry] ti_id=01a02c51-fddb-7158-a374-ecfd42bd9883>, <TaskInstance: albus_hub_data_protection.backup_data manual__2026-08-23T01:51:54.350603+00:00 [up_for_retry] ti_id=01a02c51-8903-7c7a-9dd9-68a9a5c2e678>} [airflow.sdk.definitions.dag] loc=dag.py:1424
2026-08-23T01:53:46.595279Z [warning  ] No tasks to run. unrunnable tasks: {<TaskInstance: albus_hub_data_protection.refresh_dashboard_serving manual__2026-08-23T01:51:54.350603+00:00 [up_for_retry] ti_id=01a02c51-fddb-7158-a374-ecfd42bd9883>, <TaskInstance: albus_hub_data_protection.backup_data manual__2026-08-23T01:51:54.350603+00:00 [up_for_retry] ti_id=01a02c51-8903-7c7a-9dd9-68a9a5c2e678>} [airflow.sdk.definitions.dag] loc=dag.py:1424
2026-08-23T01:53:50.537996Z [warning  ] No tasks to run. unrunnable tasks: {<TaskInstance: albus_hub_data_protection.refresh_dashboard_serving manual__2026-08-23T01:51:54.350603+00:00 [up_for_retry] ti_id=01a02c51-fddb-7158-a374-ecfd42bd9883>, <TaskInstance: albus_hub_data_protection.backup_data manual__2026-08-23T01:51:54.350603+00:00 [up_for_retry] ti_id=01a02c51-8903-7c7a-9dd9-68a9a5c2e678>} [airflow.sdk.definitions.dag] loc=dag.py:1424
2026-08-23T01:53:51.546298Z [warning  ] No tasks to run. unrunnable tasks: {<TaskInstance: albus_hub_data_protection.refresh_dashboard_serving manual__2026-08-23T01:51:54.350603+00:00 [up_for_retry] ti_id=01a02c51-fddb-7158-a374-ecfd42bd9883>, <TaskInstance: albus_hub_data_protection.backup_data manual__2026-08-23T01:51:54.350603+00:00 [up_for_retry] ti_id=01a02c51-8903-7c7a-9dd9-68a9a5c2e678>} [airflow.sdk.definitions.dag] loc=dag.py:1424
2026-08-23T01:53:52.555565Z [warning  ] No tasks to run. unrunnable tasks: {<TaskInstance: albus_hub_data_protection.refresh_dashboard_serving manual__2026-08-23T01:51:54.350603+00:00 [up_for_retry] ti_id=01a02c51-fddb-7158-a374-ecfd42bd9883>, <TaskInstance: albus_hub_data_protection.backup_data manual__2026-08-23T01:51:54.350603+00:00 [up_for_retry] ti_id=01a02c51-8903-7c7a-9dd9-68a9a5c2e678>} [airflow.sdk.definitions.dag] loc=dag.py:1424
2026-08-23T01:53:53.565253Z [warning  ] No tasks to run. unrunnable tasks: {<TaskInstance: albus_hub_data_protection.refresh_dashboard_serving manual__2026-08-23T01:51:54.350603+00:00 [up_for_retry] ti_id=01a02c51-fddb-7158-a374-ecfd42bd9883>, <TaskInstance: albus_hub_data_protection.backup_data manual__2026-08-23T01:51:54.350603+00:00 [up_for_retry] ti_id=01a02c51-8903-7c7a-9dd9-68a9a5c2e678>} [airflow.sdk.definitions.dag] loc=dag.py:1424
2026-08-23T01:53:54.573882Z [warning  ] No tasks to run. unrunnable tasks: {<TaskInstance: albus_hub_data_protection.refresh_dashboard_serving manual__2026-08-23T01:51:54.350603+00:00 [up_for_retry] ti_id=01a02c51-fddb-7158-a374-ecfd42bd9883>, <TaskInstance: albus_hub_data_protection.backup_data manual__2026-08-23T01:51:54.350603+00:00 [up_for_retry] ti_id=01a02c51-8903-7c7a-9dd9-68a9a5c2e678>} [airflow.sdk.definitions.dag] loc=dag.py:1424
2026-08-23T01:53:55.582878Z [warning  ] No tasks to run. unrunnable tasks: {<TaskInstance: albus_hub_data_protection.refresh_dashboard_serving manual__2026-08-23T01:51:54.350603+00:00 [up_for_retry] ti_id=01a02c51-fddb-7158-a374-ecfd42bd9883>, <TaskInstance: albus_hub_data_protection.backup_data manual__2026-08-23T01:51:54.350603+00:00 [up_for_retry] ti_id=01a02c51-8903-7c7a-9dd9-68a9a5c2e678>} [airflow.sdk.definitions.dag] loc=dag.py:1424
2026-08-23T01:53:56.590224Z [warning  ] No tasks to run. unrunnable tasks: {<TaskInstance: albus_hub_data_protection.refresh_dashboard_serving manual__2026-08-23T01:51:54.350603+00:00 [up_for_retry] ti_id=01a02c51-fddb-7158-a374-ecfd42bd9883>, <TaskInstance: albus_hub_data_protection.backup_data manual__2026-08-23T01:51:54.350603+00:00 [up_for_retry] ti_id=01a02c51-8903-7c7a-9dd9-68a9a5c2e678>} [airflow.sdk.definitions.dag] loc=dag.py:1424
2026-08-23T01:53:57.598906Z [warning  ] No tasks to run. unrunnable tasks: {<TaskInstance: albus_hub_data_protection.refresh_dashboard_serving manual__2026-08-23T01:51:54.350603+00:00 [up_for_retry] ti_id=01a02c51-fddb-7158-a374-ecfd42bd9883>, <TaskInstance: albus_hub_data_protection.backup_data manual__2026-08-23T01:51:54.350603+00:00 [up_for_retry] ti_id=01a02c51-8903-7c7a-9dd9-68a9a5c2e678>} [airflow.sdk.definitions.dag] loc=dag.py:1424
2026-08-23T01:53:58.606406Z [warning  ] No tasks to run. unrunnable tasks: {<TaskInstance: albus_hub_data_protection.refresh_dashboard_serving manual__2026-08-23T01:51:54.350603+00:00 [up_for_retry] ti_id=01a02c51-fddb-7158-a374-ecfd42bd9883>, <TaskInstance: albus_hub_data_protection.backup_data manual__2026-08-23T01:51:54.350603+00:00 [up_for_retry] ti_id=01a02c51-8903-7c7a-9dd9-68a9a5c2e678>} [airflow.sdk.definitions.dag] loc=dag.py:1424
2026-08-23T01:53:59.614106Z [warning  ] No tasks to run. unrunnable tasks: {<TaskInstance: albus_hub_data_protection.refresh_dashboard_serving manual__2026-08-23T01:51:54.350603+00:00 [up_for_retry] ti_id=01a02c51-fddb-7158-a374-ecfd42bd9883>, <TaskInstance: albus_hub_data_protection.backup_data manual__2026-08-23T01:51:54.350603+00:00 [up_for_retry] ti_id=01a02c51-8903-7c7a-9dd9-68a9a5c2e678>} [airflow.sdk.definitions.dag] loc=dag.py:1424
2026-08-23T01:54:00.622968Z [warning  ] No tasks to run. unrunnable tasks: {<TaskInstance: albus_hub_data_protection.refresh_dashboard_serving manual__2026-08-23T01:51:54.350603+00:00 [up_for_retry] ti_id=01a02c51-fddb-7158-a374-ecfd42bd9883>, <TaskInstance: albus_hub_data_protection.backup_data manual__2026-08-23T01:51:54.350603+00:00 [up_for_retry] ti_id=01a02c51-8903-7c7a-9dd9-68a9a5c2e678>} [airflow.sdk.definitions.dag] loc=dag.py:1424
2026-08-23T01:54:01.631080Z [warning  ] No tasks to run. unrunnable tasks: {<TaskInstance: albus_hub_data_protection.refresh_dashboard_serving manual__2026-08-23T01:51:54.350603+00:00 [up_for_retry] ti_id=01a02c51-fddb-7158-a374-ecfd42bd9883>, <TaskInstance: albus_hub_data_protection.backup_data manual__2026-08-23T01:51:54.350603+00:00 [up_for_retry] ti_id=01a02c51-8903-7c7a-9dd9-68a9a5c2e678>} [airflow.sdk.definitions.dag] loc=dag.py:1424
2026-08-23T01:54:02.638726Z [warning  ] No tasks to run. unrunnable tasks: {<TaskInstance: albus_hub_data_protection.refresh_dashboard_serving manual__2026-08-23T01:51:54.350603+00:00 [up_for_retry] ti_id=01a02c51-fddb-7158-a374-ecfd42bd9883>, <TaskInstance: albus_hub_data_protection.backup_data manual__2026-08-23T01:51:54.350603+00:00 [up_for_retry] ti_id=01a02c51-8903-7c7a-9dd9-68a9a5c2e678>} [airflow.sdk.definitions.dag] loc=dag.py:1424
2026-08-23T01:54:03.647297Z [warning  ] No tasks to run. unrunnable tasks: {<TaskInstance: albus_hub_data_protection.refresh_dashboard_serving manual__2026-08-23T01:51:54.350603+00:00 [up_for_retry] ti_id=01a02c51-fddb-7158-a374-ecfd42bd9883>, <TaskInstance: albus_hub_data_protection.backup_data manual__2026-08-23T01:51:54.350603+00:00 [up_for_retry] ti_id=01a02c51-8903-7c7a-9dd9-68a9a5c2e678>} [airflow.sdk.definitions.dag] loc=dag.py:1424
2026-08-23T01:54:04.654907Z [warning  ] No tasks to run. unrunnable tasks: {<TaskInstance: albus_hub_data_protection.refresh_dashboard_serving manual__2026-08-23T01:51:54.350603+00:00 [up_for_retry] ti_id=01a02c51-fddb-7158-a374-ecfd42bd9883>, <TaskInstance: albus_hub_data_protection.backup_data manual__2026-08-23T01:51:54.350603+00:00 [up_for_retry] ti_id=01a02c51-8903-7c7a-9dd9-68a9a5c2e678>} [airflow.sdk.definitions.dag] loc=dag.py:1424
2026-08-23T01:54:05.664258Z [warning  ] No tasks to run. unrunnable tasks: {<TaskInstance: albus_hub_data_protection.refresh_dashboard_serving manual__2026-08-23T01:51:54.350603+00:00 [up_for_retry] ti_id=01a02c51-fddb-7158-a374-ecfd42bd9883>, <TaskInstance: albus_hub_data_protection.backup_data manual__2026-08-23T01:51:54.350603+00:00 [up_for_retry] ti_id=01a02c51-8903-7c7a-9dd9-68a9a5c2e678>} [airflow.sdk.definitions.dag] loc=dag.py:1424
2026-08-23T01:54:06.673051Z [warning  ] No tasks to run. unrunnable tasks: {<TaskInstance: albus_hub_data_protection.refresh_dashboard_serving manual__2026-08-23T01:51:54.350603+00:00 [up_for_retry] ti_id=01a02c51-fddb-7158-a374-ecfd42bd9883>, <TaskInstance: albus_hub_data_protection.backup_data manual__2026-08-23T01:51:54.350603+00:00 [up_for_retry] ti_id=01a02c51-8903-7c7a-9dd9-68a9a5c2e678>} [airflow.sdk.definitions.dag] loc=dag.py:1424
2026-08-23T01:54:07.681724Z [warning  ] No tasks to run. unrunnable tasks: {<TaskInstance: albus_hub_data_protection.refresh_dashboard_serving manual__2026-08-23T01:51:54.350603+00:00 [up_for_retry] ti_id=01a02c51-fddb-7158-a374-ecfd42bd9883>, <TaskInstance: albus_hub_data_protection.backup_data manual__2026-08-23T01:51:54.350603+00:00 [up_for_retry] ti_id=01a02c51-8903-7c7a-9dd9-68a9a5c2e678>} [airflow.sdk.definitions.dag] loc=dag.py:1424
2026-08-23T01:54:08.690475Z [warning  ] No tasks to run. unrunnable tasks: {<TaskInstance: albus_hub_data_protection.refresh_dashboard_serving manual__2026-08-23T01:51:54.350603+00:00 [up_for_retry] ti_id=01a02c51-fddb-7158-a374-ecfd42bd9883>, <TaskInstance: albus_hub_data_protection.backup_data manual__2026-08-23T01:51:54.350603+00:00 [up_for_retry] ti_id=01a02c51-8903-7c7a-9dd9-68a9a5c2e678>} [airflow.sdk.definitions.dag] loc=dag.py:1424
2026-08-23T01:54:09.699554Z [warning  ] No tasks to run. unrunnable tasks: {<TaskInstance: albus_hub_data_protection.refresh_dashboard_serving manual__2026-08-23T01:51:54.350603+00:00 [up_for_retry] ti_id=01a02c51-fddb-7158-a374-ecfd42bd9883>, <TaskInstance: albus_hub_data_protection.backup_data manual__2026-08-23T01:51:54.350603+00:00 [up_for_retry] ti_id=01a02c51-8903-7c7a-9dd9-68a9a5c2e678>} [airflow.sdk.definitions.dag] loc=dag.py:1424
2026-08-23T01:54:10.708189Z [warning  ] No tasks to run. unrunnable tasks: {<TaskInstance: albus_hub_data_protection.refresh_dashboard_serving manual__2026-08-23T01:51:54.350603+00:00 [up_for_retry] ti_id=01a02c51-fddb-7158-a374-ecfd42bd9883>, <TaskInstance: albus_hub_data_protection.backup_data manual__2026-08-23T01:51:54.350603+00:00 [up_for_retry] ti_id=01a02c51-8903-7c7a-9dd9-68a9a5c2e678>} [airflow.sdk.definitions.dag] loc=dag.py:1424
2026-08-23T01:54:11.717128Z [warning  ] No tasks to run. unrunnable tasks: {<TaskInstance: albus_hub_data_protection.refresh_dashboard_serving manual__2026-08-23T01:51:54.350603+00:00 [up_for_retry] ti_id=01a02c51-fddb-7158-a374-ecfd42bd9883>, <TaskInstance: albus_hub_data_protection.backup_data manual__2026-08-23T01:51:54.350603+00:00 [up_for_retry] ti_id=01a02c51-8903-7c7a-9dd9-68a9a5c2e678>} [airflow.sdk.definitions.dag] loc=dag.py:1424
2026-08-23T01:54:12.725326Z [warning  ] No tasks to run. unrunnable tasks: {<TaskInstance: albus_hub_data_protection.refresh_dashboard_serving manual__2026-08-23T01:51:54.350603+00:00 [up_for_retry] ti_id=01a02c51-fddb-7158-a374-ecfd42bd9883>, <TaskInstance: albus_hub_data_protection.backup_data manual__2026-08-23T01:51:54.350603+00:00 [up_for_retry] ti_id=01a02c51-8903-7c7a-9dd9-68a9a5c2e678>} [airflow.sdk.definitions.dag] loc=dag.py:1424
2026-08-23T01:54:13.734480Z [warning  ] No tasks to run. unrunnable tasks: {<TaskInstance: albus_hub_data_protection.refresh_dashboard_serving manual__2026-08-23T01:51:54.350603+00:00 [up_for_retry] ti_id=01a02c51-fddb-7158-a374-ecfd42bd9883>, <TaskInstance: albus_hub_data_protection.backup_data manual__2026-08-23T01:51:54.350603+00:00 [up_for_retry] ti_id=01a02c51-8903-7c7a-9dd9-68a9a5c2e678>} [airflow.sdk.definitions.dag] loc=dag.py:1424
2026-08-23T01:54:14.743759Z [warning  ] No tasks to run. unrunnable tasks: {<TaskInstance: albus_hub_data_protection.refresh_dashboard_serving manual__2026-08-23T01:51:54.350603+00:00 [up_for_retry] ti_id=01a02c51-fddb-7158-a374-ecfd42bd9883>, <TaskInstance: albus_hub_data_protection.backup_data manual__2026-08-23T01:51:54.350603+00:00 [up_for_retry] ti_id=01a02c51-8903-7c7a-9dd9-68a9a5c2e678>} [airflow.sdk.definitions.dag] loc=dag.py:1424
2026-08-23T01:54:15.752622Z [warning  ] No tasks to run. unrunnable tasks: {<TaskInstance: albus_hub_data_protection.refresh_dashboard_serving manual__2026-08-23T01:51:54.350603+00:00 [up_for_retry] ti_id=01a02c51-fddb-7158-a374-ecfd42bd9883>, <TaskInstance: albus_hub_data_protection.backup_data manual__2026-08-23T01:51:54.350603+00:00 [up_for_retry] ti_id=01a02c51-8903-7c7a-9dd9-68a9a5c2e678>} [airflow.sdk.definitions.dag] loc=dag.py:1424
2026-08-23T01:54:16.761495Z [warning  ] No tasks to run. unrunnable tasks: {<TaskInstance: albus_hub_data_protection.refresh_dashboard_serving manual__2026-08-23T01:51:54.350603+00:00 [up_for_retry] ti_id=01a02c51-fddb-7158-a374-ecfd42bd9883>, <TaskInstance: albus_hub_data_protection.backup_data manual__2026-08-23T01:51:54.350603+00:00 [up_for_retry] ti_id=01a02c51-8903-7c7a-9dd9-68a9a5c2e678>} [airflow.sdk.definitions.dag] loc=dag.py:1424
2026-08-23T01:54:17.770311Z [warning  ] No tasks to run. unrunnable tasks: {<TaskInstance: albus_hub_data_protection.refresh_dashboard_serving manual__2026-08-23T01:51:54.350603+00:00 [up_for_retry] ti_id=01a02c51-fddb-7158-a374-ecfd42bd9883>, <TaskInstance: albus_hub_data_protection.backup_data manual__2026-08-23T01:51:54.350603+00:00 [up_for_retry] ti_id=01a02c51-8903-7c7a-9dd9-68a9a5c2e678>} [airflow.sdk.definitions.dag] loc=dag.py:1424
2026-08-23T01:54:18.779441Z [warning  ] No tasks to run. unrunnable tasks: {<TaskInstance: albus_hub_data_protection.refresh_dashboard_serving manual__2026-08-23T01:51:54.350603+00:00 [up_for_retry] ti_id=01a02c51-fddb-7158-a374-ecfd42bd9883>, <TaskInstance: albus_hub_data_protection.backup_data manual__2026-08-23T01:51:54.350603+00:00 [up_for_retry] ti_id=01a02c51-8903-7c7a-9dd9-68a9a5c2e678>} [airflow.sdk.definitions.dag] loc=dag.py:1424
2026-08-23T01:54:19.788622Z [warning  ] No tasks to run. unrunnable tasks: {<TaskInstance: albus_hub_data_protection.refresh_dashboard_serving manual__2026-08-23T01:51:54.350603+00:00 [up_for_retry] ti_id=01a02c51-fddb-7158-a374-ecfd42bd9883>, <TaskInstance: albus_hub_data_protection.backup_data manual__2026-08-23T01:51:54.350603+00:00 [up_for_retry] ti_id=01a02c51-8903-7c7a-9dd9-68a9a5c2e678>} [airflow.sdk.definitions.dag] loc=dag.py:1424
2026-08-23T01:54:20.797343Z [warning  ] No tasks to run. unrunnable tasks: {<TaskInstance: albus_hub_data_protection.refresh_dashboard_serving manual__2026-08-23T01:51:54.350603+00:00 [up_for_retry] ti_id=01a02c51-fddb-7158-a374-ecfd42bd9883>, <TaskInstance: albus_hub_data_protection.backup_data manual__2026-08-23T01:51:54.350603+00:00 [up_for_retry] ti_id=01a02c51-8903-7c7a-9dd9-68a9a5c2e678>} [airflow.sdk.definitions.dag] loc=dag.py:1424
2026-08-23T01:54:21.805846Z [warning  ] No tasks to run. unrunnable tasks: {<TaskInstance: albus_hub_data_protection.refresh_dashboard_serving manual__2026-08-23T01:51:54.350603+00:00 [up_for_retry] ti_id=01a02c51-fddb-7158-a374-ecfd42bd9883>, <TaskInstance: albus_hub_data_protection.backup_data manual__2026-08-23T01:51:54.350603+00:00 [up_for_retry] ti_id=01a02c51-8903-7c7a-9dd9-68a9a5c2e678>} [airflow.sdk.definitions.dag] loc=dag.py:1424
2026-08-23T01:54:25.746751Z [warning  ] No tasks to run. unrunnable tasks: {<TaskInstance: albus_hub_data_protection.refresh_dashboard_serving manual__2026-08-23T01:51:54.350603+00:00 [up_for_retry] ti_id=01a02c51-fddb-7158-a374-ecfd42bd9883>, <TaskInstance: albus_hub_data_protection.backup_data manual__2026-08-23T01:51:54.350603+00:00 [up_for_retry] ti_id=01a02c51-8903-7c7a-9dd9-68a9a5c2e678>} [airflow.sdk.definitions.dag] loc=dag.py:1424
2026-08-23T01:54:26.755328Z [warning  ] No tasks to run. unrunnable tasks: {<TaskInstance: albus_hub_data_protection.refresh_dashboard_serving manual__2026-08-23T01:51:54.350603+00:00 [up_for_retry] ti_id=01a02c51-fddb-7158-a374-ecfd42bd9883>, <TaskInstance: albus_hub_data_protection.backup_data manual__2026-08-23T01:51:54.350603+00:00 [up_for_retry] ti_id=01a02c51-8903-7c7a-9dd9-68a9a5c2e678>} [airflow.sdk.definitions.dag] loc=dag.py:1424
2026-08-23T01:54:27.765092Z [warning  ] No tasks to run. unrunnable tasks: {<TaskInstance: albus_hub_data_protection.refresh_dashboard_serving manual__2026-08-23T01:51:54.350603+00:00 [up_for_retry] ti_id=01a02c51-fddb-7158-a374-ecfd42bd9883>, <TaskInstance: albus_hub_data_protection.backup_data manual__2026-08-23T01:51:54.350603+00:00 [up_for_retry] ti_id=01a02c51-8903-7c7a-9dd9-68a9a5c2e678>} [airflow.sdk.definitions.dag] loc=dag.py:1424
2026-08-23T01:54:28.773790Z [warning  ] No tasks to run. unrunnable tasks: {<TaskInstance: albus_hub_data_protection.refresh_dashboard_serving manual__2026-08-23T01:51:54.350603+00:00 [up_for_retry] ti_id=01a02c51-fddb-7158-a374-ecfd42bd9883>, <TaskInstance: albus_hub_data_protection.backup_data manual__2026-08-23T01:51:54.350603+00:00 [up_for_retry] ti_id=01a02c51-8903-7c7a-9dd9-68a9a5c2e678>} [airflow.sdk.definitions.dag] loc=dag.py:1424
2026-08-23T01:54:29.783081Z [warning  ] No tasks to run. unrunnable tasks: {<TaskInstance: albus_hub_data_protection.refresh_dashboard_serving manual__2026-08-23T01:51:54.350603+00:00 [up_for_retry] ti_id=01a02c51-fddb-7158-a374-ecfd42bd9883>, <TaskInstance: albus_hub_data_protection.backup_data manual__2026-08-23T01:51:54.350603+00:00 [up_for_retry] ti_id=01a02c51-8903-7c7a-9dd9-68a9a5c2e678>} [airflow.sdk.definitions.dag] loc=dag.py:1424
2026-08-23T01:54:30.791026Z [warning  ] No tasks to run. unrunnable tasks: {<TaskInstance: albus_hub_data_protection.refresh_dashboard_serving manual__2026-08-23T01:51:54.350603+00:00 [up_for_retry] ti_id=01a02c51-fddb-7158-a374-ecfd42bd9883>, <TaskInstance: albus_hub_data_protection.backup_data manual__2026-08-23T01:51:54.350603+00:00 [up_for_retry] ti_id=01a02c51-8903-7c7a-9dd9-68a9a5c2e678>} [airflow.sdk.definitions.dag] loc=dag.py:1424
2026-08-23T01:54:31.800087Z [warning  ] No tasks to run. unrunnable tasks: {<TaskInstance: albus_hub_data_protection.refresh_dashboard_serving manual__2026-08-23T01:51:54.350603+00:00 [up_for_retry] ti_id=01a02c51-fddb-7158-a374-ecfd42bd9883>, <TaskInstance: albus_hub_data_protection.backup_data manual__2026-08-23T01:51:54.350603+00:00 [up_for_retry] ti_id=01a02c51-8903-7c7a-9dd9-68a9a5c2e678>} [airflow.sdk.definitions.dag] loc=dag.py:1424
2026-08-23T01:54:32.808786Z [warning  ] No tasks to run. unrunnable tasks: {<TaskInstance: albus_hub_data_protection.refresh_dashboard_serving manual__2026-08-23T01:51:54.350603+00:00 [up_for_retry] ti_id=01a02c51-fddb-7158-a374-ecfd42bd9883>, <TaskInstance: albus_hub_data_protection.backup_data manual__2026-08-23T01:51:54.350603+00:00 [up_for_retry] ti_id=01a02c51-8903-7c7a-9dd9-68a9a5c2e678>} [airflow.sdk.definitions.dag] loc=dag.py:1424
2026-08-23T01:54:33.817328Z [warning  ] No tasks to run. unrunnable tasks: {<TaskInstance: albus_hub_data_protection.refresh_dashboard_serving manual__2026-08-23T01:51:54.350603+00:00 [up_for_retry] ti_id=01a02c51-fddb-7158-a374-ecfd42bd9883>, <TaskInstance: albus_hub_data_protection.backup_data manual__2026-08-23T01:51:54.350603+00:00 [up_for_retry] ti_id=01a02c51-8903-7c7a-9dd9-68a9a5c2e678>} [airflow.sdk.definitions.dag] loc=dag.py:1424
2026-08-23T01:54:34.826666Z [warning  ] No tasks to run. unrunnable tasks: {<TaskInstance: albus_hub_data_protection.refresh_dashboard_serving manual__2026-08-23T01:51:54.350603+00:00 [up_for_retry] ti_id=01a02c51-fddb-7158-a374-ecfd42bd9883>, <TaskInstance: albus_hub_data_protection.backup_data manual__2026-08-23T01:51:54.350603+00:00 [up_for_retry] ti_id=01a02c51-8903-7c7a-9dd9-68a9a5c2e678>} [airflow.sdk.definitions.dag] loc=dag.py:1424
2026-08-23T01:54:35.835358Z [warning  ] No tasks to run. unrunnable tasks: {<TaskInstance: albus_hub_data_protection.refresh_dashboard_serving manual__2026-08-23T01:51:54.350603+00:00 [up_for_retry] ti_id=01a02c51-fddb-7158-a374-ecfd42bd9883>, <TaskInstance: albus_hub_data_protection.backup_data manual__2026-08-23T01:51:54.350603+00:00 [up_for_retry] ti_id=01a02c51-8903-7c7a-9dd9-68a9a5c2e678>} [airflow.sdk.definitions.dag] loc=dag.py:1424
2026-08-23T01:54:36.844396Z [warning  ] No tasks to run. unrunnable tasks: {<TaskInstance: albus_hub_data_protection.refresh_dashboard_serving manual__2026-08-23T01:51:54.350603+00:00 [up_for_retry] ti_id=01a02c51-fddb-7158-a374-ecfd42bd9883>, <TaskInstance: albus_hub_data_protection.backup_data manual__2026-08-23T01:51:54.350603+00:00 [up_for_retry] ti_id=01a02c51-8903-7c7a-9dd9-68a9a5c2e678>} [airflow.sdk.definitions.dag] loc=dag.py:1424
2026-08-23T01:54:37.853862Z [warning  ] No tasks to run. unrunnable tasks: {<TaskInstance: albus_hub_data_protection.refresh_dashboard_serving manual__2026-08-23T01:51:54.350603+00:00 [up_for_retry] ti_id=01a02c51-fddb-7158-a374-ecfd42bd9883>, <TaskInstance: albus_hub_data_protection.backup_data manual__2026-08-23T01:51:54.350603+00:00 [up_for_retry] ti_id=01a02c51-8903-7c7a-9dd9-68a9a5c2e678>} [airflow.sdk.definitions.dag] loc=dag.py:1424
2026-08-23T01:54:38.862728Z [warning  ] No tasks to run. unrunnable tasks: {<TaskInstance: albus_hub_data_protection.refresh_dashboard_serving manual__2026-08-23T01:51:54.350603+00:00 [up_for_retry] ti_id=01a02c51-fddb-7158-a374-ecfd42bd9883>, <TaskInstance: albus_hub_data_protection.backup_data manual__2026-08-23T01:51:54.350603+00:00 [up_for_retry] ti_id=01a02c51-8903-7c7a-9dd9-68a9a5c2e678>} [airflow.sdk.definitions.dag] loc=dag.py:1424
2026-08-23T01:54:39.871467Z [warning  ] No tasks to run. unrunnable tasks: {<TaskInstance: albus_hub_data_protection.refresh_dashboard_serving manual__2026-08-23T01:51:54.350603+00:00 [up_for_retry] ti_id=01a02c51-fddb-7158-a374-ecfd42bd9883>, <TaskInstance: albus_hub_data_protection.backup_data manual__2026-08-23T01:51:54.350603+00:00 [up_for_retry] ti_id=01a02c51-8903-7c7a-9dd9-68a9a5c2e678>} [airflow.sdk.definitions.dag] loc=dag.py:1424
2026-08-23T01:54:40.880350Z [warning  ] No tasks to run. unrunnable tasks: {<TaskInstance: albus_hub_data_protection.refresh_dashboard_serving manual__2026-08-23T01:51:54.350603+00:00 [up_for_retry] ti_id=01a02c51-fddb-7158-a374-ecfd42bd9883>, <TaskInstance: albus_hub_data_protection.backup_data manual__2026-08-23T01:51:54.350603+00:00 [up_for_retry] ti_id=01a02c51-8903-7c7a-9dd9-68a9a5c2e678>} [airflow.sdk.definitions.dag] loc=dag.py:1424
2026-08-23T01:54:41.888264Z [warning  ] No tasks to run. unrunnable tasks: {<TaskInstance: albus_hub_data_protection.refresh_dashboard_serving manual__2026-08-23T01:51:54.350603+00:00 [up_for_retry] ti_id=01a02c51-fddb-7158-a374-ecfd42bd9883>, <TaskInstance: albus_hub_data_protection.backup_data manual__2026-08-23T01:51:54.350603+00:00 [up_for_retry] ti_id=01a02c51-8903-7c7a-9dd9-68a9a5c2e678>} [airflow.sdk.definitions.dag] loc=dag.py:1424
2026-08-23T01:54:42.896073Z [warning  ] No tasks to run. unrunnable tasks: {<TaskInstance: albus_hub_data_protection.refresh_dashboard_serving manual__2026-08-23T01:51:54.350603+00:00 [up_for_retry] ti_id=01a02c51-fddb-7158-a374-ecfd42bd9883>, <TaskInstance: albus_hub_data_protection.backup_data manual__2026-08-23T01:51:54.350603+00:00 [up_for_retry] ti_id=01a02c51-8903-7c7a-9dd9-68a9a5c2e678>} [airflow.sdk.definitions.dag] loc=dag.py:1424
2026-08-23T01:54:43.904870Z [warning  ] No tasks to run. unrunnable tasks: {<TaskInstance: albus_hub_data_protection.refresh_dashboard_serving manual__2026-08-23T01:51:54.350603+00:00 [up_for_retry] ti_id=01a02c51-fddb-7158-a374-ecfd42bd9883>, <TaskInstance: albus_hub_data_protection.backup_data manual__2026-08-23T01:51:54.350603+00:00 [up_for_retry] ti_id=01a02c51-8903-7c7a-9dd9-68a9a5c2e678>} [airflow.sdk.definitions.dag] loc=dag.py:1424
2026-08-23T01:54:44.913542Z [warning  ] No tasks to run. unrunnable tasks: {<TaskInstance: albus_hub_data_protection.refresh_dashboard_serving manual__2026-08-23T01:51:54.350603+00:00 [up_for_retry] ti_id=01a02c51-fddb-7158-a374-ecfd42bd9883>, <TaskInstance: albus_hub_data_protection.backup_data manual__2026-08-23T01:51:54.350603+00:00 [up_for_retry] ti_id=01a02c51-8903-7c7a-9dd9-68a9a5c2e678>} [airflow.sdk.definitions.dag] loc=dag.py:1424
2026-08-23T01:54:45.922347Z [warning  ] No tasks to run. unrunnable tasks: {<TaskInstance: albus_hub_data_protection.refresh_dashboard_serving manual__2026-08-23T01:51:54.350603+00:00 [up_for_retry] ti_id=01a02c51-fddb-7158-a374-ecfd42bd9883>, <TaskInstance: albus_hub_data_protection.backup_data manual__2026-08-23T01:51:54.350603+00:00 [up_for_retry] ti_id=01a02c51-8903-7c7a-9dd9-68a9a5c2e678>} [airflow.sdk.definitions.dag] loc=dag.py:1424
2026-08-23T01:54:46.930127Z [warning  ] No tasks to run. unrunnable tasks: {<TaskInstance: albus_hub_data_protection.refresh_dashboard_serving manual__2026-08-23T01:51:54.350603+00:00 [up_for_retry] ti_id=01a02c51-fddb-7158-a374-ecfd42bd9883>, <TaskInstance: albus_hub_data_protection.backup_data manual__2026-08-23T01:51:54.350603+00:00 [up_for_retry] ti_id=01a02c51-8903-7c7a-9dd9-68a9a5c2e678>} [airflow.sdk.definitions.dag] loc=dag.py:1424
2026-08-23T01:54:47.938796Z [warning  ] No tasks to run. unrunnable tasks: {<TaskInstance: albus_hub_data_protection.refresh_dashboard_serving manual__2026-08-23T01:51:54.350603+00:00 [up_for_retry] ti_id=01a02c51-fddb-7158-a374-ecfd42bd9883>, <TaskInstance: albus_hub_data_protection.backup_data manual__2026-08-23T01:51:54.350603+00:00 [up_for_retry] ti_id=01a02c51-8903-7c7a-9dd9-68a9a5c2e678>} [airflow.sdk.definitions.dag] loc=dag.py:1424
2026-08-23T01:54:48.947462Z [warning  ] No tasks to run. unrunnable tasks: {<TaskInstance: albus_hub_data_protection.refresh_dashboard_serving manual__2026-08-23T01:51:54.350603+00:00 [up_for_retry] ti_id=01a02c51-fddb-7158-a374-ecfd42bd9883>, <TaskInstance: albus_hub_data_protection.backup_data manual__2026-08-23T01:51:54.350603+00:00 [up_for_retry] ti_id=01a02c51-8903-7c7a-9dd9-68a9a5c2e678>} [airflow.sdk.definitions.dag] loc=dag.py:1424
2026-08-23T01:54:49.956417Z [warning  ] No tasks to run. unrunnable tasks: {<TaskInstance: albus_hub_data_protection.refresh_dashboard_serving manual__2026-08-23T01:51:54.350603+00:00 [up_for_retry] ti_id=01a02c51-fddb-7158-a374-ecfd42bd9883>, <TaskInstance: albus_hub_data_protection.backup_data manual__2026-08-23T01:51:54.350603+00:00 [up_for_retry] ti_id=01a02c51-8903-7c7a-9dd9-68a9a5c2e678>} [airflow.sdk.definitions.dag] loc=dag.py:1424
2026-08-23T01:54:50.965385Z [warning  ] No tasks to run. unrunnable tasks: {<TaskInstance: albus_hub_data_protection.refresh_dashboard_serving manual__2026-08-23T01:51:54.350603+00:00 [up_for_retry] ti_id=01a02c51-fddb-7158-a374-ecfd42bd9883>, <TaskInstance: albus_hub_data_protection.backup_data manual__2026-08-23T01:51:54.350603+00:00 [up_for_retry] ti_id=01a02c51-8903-7c7a-9dd9-68a9a5c2e678>} [airflow.sdk.definitions.dag] loc=dag.py:1424
2026-08-23T01:54:51.972879Z [warning  ] No tasks to run. unrunnable tasks: {<TaskInstance: albus_hub_data_protection.refresh_dashboard_serving manual__2026-08-23T01:51:54.350603+00:00 [up_for_retry] ti_id=01a02c51-fddb-7158-a374-ecfd42bd9883>, <TaskInstance: albus_hub_data_protection.backup_data manual__2026-08-23T01:51:54.350603+00:00 [up_for_retry] ti_id=01a02c51-8903-7c7a-9dd9-68a9a5c2e678>} [airflow.sdk.definitions.dag] loc=dag.py:1424
2026-08-23T01:54:52.981876Z [warning  ] No tasks to run. unrunnable tasks: {<TaskInstance: albus_hub_data_protection.refresh_dashboard_serving manual__2026-08-23T01:51:54.350603+00:00 [up_for_retry] ti_id=01a02c51-fddb-7158-a374-ecfd42bd9883>, <TaskInstance: albus_hub_data_protection.backup_data manual__2026-08-23T01:51:54.350603+00:00 [up_for_retry] ti_id=01a02c51-8903-7c7a-9dd9-68a9a5c2e678>} [airflow.sdk.definitions.dag] loc=dag.py:1424
2026-08-23T01:54:53.990849Z [warning  ] No tasks to run. unrunnable tasks: {<TaskInstance: albus_hub_data_protection.refresh_dashboard_serving manual__2026-08-23T01:51:54.350603+00:00 [up_for_retry] ti_id=01a02c51-fddb-7158-a374-ecfd42bd9883>, <TaskInstance: albus_hub_data_protection.backup_data manual__2026-08-23T01:51:54.350603+00:00 [up_for_retry] ti_id=01a02c51-8903-7c7a-9dd9-68a9a5c2e678>} [airflow.sdk.definitions.dag] loc=dag.py:1424
2026-08-23T01:54:54.999086Z [warning  ] No tasks to run. unrunnable tasks: {<TaskInstance: albus_hub_data_protection.refresh_dashboard_serving manual__2026-08-23T01:51:54.350603+00:00 [up_for_retry] ti_id=01a02c51-fddb-7158-a374-ecfd42bd9883>, <TaskInstance: albus_hub_data_protection.backup_data manual__2026-08-23T01:51:54.350603+00:00 [up_for_retry] ti_id=01a02c51-8903-7c7a-9dd9-68a9a5c2e678>} [airflow.sdk.definitions.dag] loc=dag.py:1424
2026-08-23T01:54:56.007736Z [warning  ] No tasks to run. unrunnable tasks: {<TaskInstance: albus_hub_data_protection.refresh_dashboard_serving manual__2026-08-23T01:51:54.350603+00:00 [up_for_retry] ti_id=01a02c51-fddb-7158-a374-ecfd42bd9883>, <TaskInstance: albus_hub_data_protection.backup_data manual__2026-08-23T01:51:54.350603+00:00 [up_for_retry] ti_id=01a02c51-8903-7c7a-9dd9-68a9a5c2e678>} [airflow.sdk.definitions.dag] loc=dag.py:1424
2026-08-23T01:54:57.015329Z [warning  ] No tasks to run. unrunnable tasks: {<TaskInstance: albus_hub_data_protection.refresh_dashboard_serving manual__2026-08-23T01:51:54.350603+00:00 [up_for_retry] ti_id=01a02c51-fddb-7158-a374-ecfd42bd9883>, <TaskInstance: albus_hub_data_protection.backup_data manual__2026-08-23T01:51:54.350603+00:00 [up_for_retry] ti_id=01a02c51-8903-7c7a-9dd9-68a9a5c2e678>} [airflow.sdk.definitions.dag] loc=dag.py:1424
2026-08-23T01:55:00.962487Z [warning  ] No tasks to run. unrunnable tasks: {<TaskInstance: albus_hub_data_protection.refresh_dashboard_serving manual__2026-08-23T01:51:54.350603+00:00 [up_for_retry] ti_id=01a02c51-fddb-7158-a374-ecfd42bd9883>, <TaskInstance: albus_hub_data_protection.backup_data manual__2026-08-23T01:51:54.350603+00:00 [up_for_retry] ti_id=01a02c51-8903-7c7a-9dd9-68a9a5c2e678>} [airflow.sdk.definitions.dag] loc=dag.py:1424
2026-08-23T01:55:01.971401Z [warning  ] No tasks to run. unrunnable tasks: {<TaskInstance: albus_hub_data_protection.refresh_dashboard_serving manual__2026-08-23T01:51:54.350603+00:00 [up_for_retry] ti_id=01a02c51-fddb-7158-a374-ecfd42bd9883>, <TaskInstance: albus_hub_data_protection.backup_data manual__2026-08-23T01:51:54.350603+00:00 [up_for_retry] ti_id=01a02c51-8903-7c7a-9dd9-68a9a5c2e678>} [airflow.sdk.definitions.dag] loc=dag.py:1424
2026-08-23T01:55:02.980430Z [warning  ] No tasks to run. unrunnable tasks: {<TaskInstance: albus_hub_data_protection.refresh_dashboard_serving manual__2026-08-23T01:51:54.350603+00:00 [up_for_retry] ti_id=01a02c51-fddb-7158-a374-ecfd42bd9883>, <TaskInstance: albus_hub_data_protection.backup_data manual__2026-08-23T01:51:54.350603+00:00 [up_for_retry] ti_id=01a02c51-8903-7c7a-9dd9-68a9a5c2e678>} [airflow.sdk.definitions.dag] loc=dag.py:1424
2026-08-23T01:55:03.990078Z [warning  ] No tasks to run. unrunnable tasks: {<TaskInstance: albus_hub_data_protection.refresh_dashboard_serving manual__2026-08-23T01:51:54.350603+00:00 [up_for_retry] ti_id=01a02c51-fddb-7158-a374-ecfd42bd9883>, <TaskInstance: albus_hub_data_protection.backup_data manual__2026-08-23T01:51:54.350603+00:00 [up_for_retry] ti_id=01a02c51-8903-7c7a-9dd9-68a9a5c2e678>} [airflow.sdk.definitions.dag] loc=dag.py:1424
2026-08-23T01:55:05.000256Z [warning  ] No tasks to run. unrunnable tasks: {<TaskInstance: albus_hub_data_protection.refresh_dashboard_serving manual__2026-08-23T01:51:54.350603+00:00 [up_for_retry] ti_id=01a02c51-fddb-7158-a374-ecfd42bd9883>, <TaskInstance: albus_hub_data_protection.backup_data manual__2026-08-23T01:51:54.350603+00:00 [up_for_retry] ti_id=01a02c51-8903-7c7a-9dd9-68a9a5c2e678>} [airflow.sdk.definitions.dag] loc=dag.py:1424
2026-08-23T01:55:06.010515Z [warning  ] No tasks to run. unrunnable tasks: {<TaskInstance: albus_hub_data_protection.refresh_dashboard_serving manual__2026-08-23T01:51:54.350603+00:00 [up_for_retry] ti_id=01a02c51-fddb-7158-a374-ecfd42bd9883>, <TaskInstance: albus_hub_data_protection.backup_data manual__2026-08-23T01:51:54.350603+00:00 [up_for_retry] ti_id=01a02c51-8903-7c7a-9dd9-68a9a5c2e678>} [airflow.sdk.definitions.dag] loc=dag.py:1424
2026-08-23T01:55:07.019630Z [warning  ] No tasks to run. unrunnable tasks: {<TaskInstance: albus_hub_data_protection.refresh_dashboard_serving manual__2026-08-23T01:51:54.350603+00:00 [up_for_retry] ti_id=01a02c51-fddb-7158-a374-ecfd42bd9883>, <TaskInstance: albus_hub_data_protection.backup_data manual__2026-08-23T01:51:54.350603+00:00 [up_for_retry] ti_id=01a02c51-8903-7c7a-9dd9-68a9a5c2e678>} [airflow.sdk.definitions.dag] loc=dag.py:1424
2026-08-23T01:55:08.028402Z [warning  ] No tasks to run. unrunnable tasks: {<TaskInstance: albus_hub_data_protection.refresh_dashboard_serving manual__2026-08-23T01:51:54.350603+00:00 [up_for_retry] ti_id=01a02c51-fddb-7158-a374-ecfd42bd9883>, <TaskInstance: albus_hub_data_protection.backup_data manual__2026-08-23T01:51:54.350603+00:00 [up_for_retry] ti_id=01a02c51-8903-7c7a-9dd9-68a9a5c2e678>} [airflow.sdk.definitions.dag] loc=dag.py:1424
2026-08-23T01:55:09.038283Z [warning  ] No tasks to run. unrunnable tasks: {<TaskInstance: albus_hub_data_protection.refresh_dashboard_serving manual__2026-08-23T01:51:54.350603+00:00 [up_for_retry] ti_id=01a02c51-fddb-7158-a374-ecfd42bd9883>, <TaskInstance: albus_hub_data_protection.backup_data manual__2026-08-23T01:51:54.350603+00:00 [up_for_retry] ti_id=01a02c51-8903-7c7a-9dd9-68a9a5c2e678>} [airflow.sdk.definitions.dag] loc=dag.py:1424
2026-08-23T01:55:10.047005Z [warning  ] No tasks to run. unrunnable tasks: {<TaskInstance: albus_hub_data_protection.refresh_dashboard_serving manual__2026-08-23T01:51:54.350603+00:00 [up_for_retry] ti_id=01a02c51-fddb-7158-a374-ecfd42bd9883>, <TaskInstance: albus_hub_data_protection.backup_data manual__2026-08-23T01:51:54.350603+00:00 [up_for_retry] ti_id=01a02c51-8903-7c7a-9dd9-68a9a5c2e678>} [airflow.sdk.definitions.dag] loc=dag.py:1424
2026-08-23T01:55:11.054497Z [warning  ] No tasks to run. unrunnable tasks: {<TaskInstance: albus_hub_data_protection.refresh_dashboard_serving manual__2026-08-23T01:51:54.350603+00:00 [up_for_retry] ti_id=01a02c51-fddb-7158-a374-ecfd42bd9883>, <TaskInstance: albus_hub_data_protection.backup_data manual__2026-08-23T01:51:54.350603+00:00 [up_for_retry] ti_id=01a02c51-8903-7c7a-9dd9-68a9a5c2e678>} [airflow.sdk.definitions.dag] loc=dag.py:1424
2026-08-23T01:55:12.061984Z [warning  ] No tasks to run. unrunnable tasks: {<TaskInstance: albus_hub_data_protection.refresh_dashboard_serving manual__2026-08-23T01:51:54.350603+00:00 [up_for_retry] ti_id=01a02c51-fddb-7158-a374-ecfd42bd9883>, <TaskInstance: albus_hub_data_protection.backup_data manual__2026-08-23T01:51:54.350603+00:00 [up_for_retry] ti_id=01a02c51-8903-7c7a-9dd9-68a9a5c2e678>} [airflow.sdk.definitions.dag] loc=dag.py:1424
2026-08-23T01:55:13.070857Z [warning  ] No tasks to run. unrunnable tasks: {<TaskInstance: albus_hub_data_protection.refresh_dashboard_serving manual__2026-08-23T01:51:54.350603+00:00 [up_for_retry] ti_id=01a02c51-fddb-7158-a374-ecfd42bd9883>, <TaskInstance: albus_hub_data_protection.backup_data manual__2026-08-23T01:51:54.350603+00:00 [up_for_retry] ti_id=01a02c51-8903-7c7a-9dd9-68a9a5c2e678>} [airflow.sdk.definitions.dag] loc=dag.py:1424
2026-08-23T01:55:14.079441Z [warning  ] No tasks to run. unrunnable tasks: {<TaskInstance: albus_hub_data_protection.refresh_dashboard_serving manual__2026-08-23T01:51:54.350603+00:00 [up_for_retry] ti_id=01a02c51-fddb-7158-a374-ecfd42bd9883>, <TaskInstance: albus_hub_data_protection.backup_data manual__2026-08-23T01:51:54.350603+00:00 [up_for_retry] ti_id=01a02c51-8903-7c7a-9dd9-68a9a5c2e678>} [airflow.sdk.definitions.dag] loc=dag.py:1424
2026-08-23T01:55:15.088092Z [warning  ] No tasks to run. unrunnable tasks: {<TaskInstance: albus_hub_data_protection.refresh_dashboard_serving manual__2026-08-23T01:51:54.350603+00:00 [up_for_retry] ti_id=01a02c51-fddb-7158-a374-ecfd42bd9883>, <TaskInstance: albus_hub_data_protection.backup_data manual__2026-08-23T01:51:54.350603+00:00 [up_for_retry] ti_id=01a02c51-8903-7c7a-9dd9-68a9a5c2e678>} [airflow.sdk.definitions.dag] loc=dag.py:1424
2026-08-23T01:55:16.097244Z [warning  ] No tasks to run. unrunnable tasks: {<TaskInstance: albus_hub_data_protection.refresh_dashboard_serving manual__2026-08-23T01:51:54.350603+00:00 [up_for_retry] ti_id=01a02c51-fddb-7158-a374-ecfd42bd9883>, <TaskInstance: albus_hub_data_protection.backup_data manual__2026-08-23T01:51:54.350603+00:00 [up_for_retry] ti_id=01a02c51-8903-7c7a-9dd9-68a9a5c2e678>} [airflow.sdk.definitions.dag] loc=dag.py:1424
2026-08-23T01:55:17.106411Z [warning  ] No tasks to run. unrunnable tasks: {<TaskInstance: albus_hub_data_protection.refresh_dashboard_serving manual__2026-08-23T01:51:54.350603+00:00 [up_for_retry] ti_id=01a02c51-fddb-7158-a374-ecfd42bd9883>, <TaskInstance: albus_hub_data_protection.backup_data manual__2026-08-23T01:51:54.350603+00:00 [up_for_retry] ti_id=01a02c51-8903-7c7a-9dd9-68a9a5c2e678>} [airflow.sdk.definitions.dag] loc=dag.py:1424
2026-08-23T01:55:18.115009Z [warning  ] No tasks to run. unrunnable tasks: {<TaskInstance: albus_hub_data_protection.refresh_dashboard_serving manual__2026-08-23T01:51:54.350603+00:00 [up_for_retry] ti_id=01a02c51-fddb-7158-a374-ecfd42bd9883>, <TaskInstance: albus_hub_data_protection.backup_data manual__2026-08-23T01:51:54.350603+00:00 [up_for_retry] ti_id=01a02c51-8903-7c7a-9dd9-68a9a5c2e678>} [airflow.sdk.definitions.dag] loc=dag.py:1424
2026-08-23T01:55:19.123868Z [warning  ] No tasks to run. unrunnable tasks: {<TaskInstance: albus_hub_data_protection.refresh_dashboard_serving manual__2026-08-23T01:51:54.350603+00:00 [up_for_retry] ti_id=01a02c51-fddb-7158-a374-ecfd42bd9883>, <TaskInstance: albus_hub_data_protection.backup_data manual__2026-08-23T01:51:54.350603+00:00 [up_for_retry] ti_id=01a02c51-8903-7c7a-9dd9-68a9a5c2e678>} [airflow.sdk.definitions.dag] loc=dag.py:1424
2026-08-23T01:55:20.132428Z [warning  ] No tasks to run. unrunnable tasks: {<TaskInstance: albus_hub_data_protection.refresh_dashboard_serving manual__2026-08-23T01:51:54.350603+00:00 [up_for_retry] ti_id=01a02c51-fddb-7158-a374-ecfd42bd9883>, <TaskInstance: albus_hub_data_protection.backup_data manual__2026-08-23T01:51:54.350603+00:00 [up_for_retry] ti_id=01a02c51-8903-7c7a-9dd9-68a9a5c2e678>} [airflow.sdk.definitions.dag] loc=dag.py:1424
2026-08-23T01:55:21.140422Z [warning  ] No tasks to run. unrunnable tasks: {<TaskInstance: albus_hub_data_protection.refresh_dashboard_serving manual__2026-08-23T01:51:54.350603+00:00 [up_for_retry] ti_id=01a02c51-fddb-7158-a374-ecfd42bd9883>, <TaskInstance: albus_hub_data_protection.backup_data manual__2026-08-23T01:51:54.350603+00:00 [up_for_retry] ti_id=01a02c51-8903-7c7a-9dd9-68a9a5c2e678>} [airflow.sdk.definitions.dag] loc=dag.py:1424
2026-08-23T01:55:22.149006Z [warning  ] No tasks to run. unrunnable tasks: {<TaskInstance: albus_hub_data_protection.refresh_dashboard_serving manual__2026-08-23T01:51:54.350603+00:00 [up_for_retry] ti_id=01a02c51-fddb-7158-a374-ecfd42bd9883>, <TaskInstance: albus_hub_data_protection.backup_data manual__2026-08-23T01:51:54.350603+00:00 [up_for_retry] ti_id=01a02c51-8903-7c7a-9dd9-68a9a5c2e678>} [airflow.sdk.definitions.dag] loc=dag.py:1424
2026-08-23T01:55:23.157488Z [warning  ] No tasks to run. unrunnable tasks: {<TaskInstance: albus_hub_data_protection.refresh_dashboard_serving manual__2026-08-23T01:51:54.350603+00:00 [up_for_retry] ti_id=01a02c51-fddb-7158-a374-ecfd42bd9883>, <TaskInstance: albus_hub_data_protection.backup_data manual__2026-08-23T01:51:54.350603+00:00 [up_for_retry] ti_id=01a02c51-8903-7c7a-9dd9-68a9a5c2e678>} [airflow.sdk.definitions.dag] loc=dag.py:1424
2026-08-23T01:55:24.166018Z [warning  ] No tasks to run. unrunnable tasks: {<TaskInstance: albus_hub_data_protection.refresh_dashboard_serving manual__2026-08-23T01:51:54.350603+00:00 [up_for_retry] ti_id=01a02c51-fddb-7158-a374-ecfd42bd9883>, <TaskInstance: albus_hub_data_protection.backup_data manual__2026-08-23T01:51:54.350603+00:00 [up_for_retry] ti_id=01a02c51-8903-7c7a-9dd9-68a9a5c2e678>} [airflow.sdk.definitions.dag] loc=dag.py:1424
2026-08-23T01:55:25.175161Z [warning  ] No tasks to run. unrunnable tasks: {<TaskInstance: albus_hub_data_protection.refresh_dashboard_serving manual__2026-08-23T01:51:54.350603+00:00 [up_for_retry] ti_id=01a02c51-fddb-7158-a374-ecfd42bd9883>, <TaskInstance: albus_hub_data_protection.backup_data manual__2026-08-23T01:51:54.350603+00:00 [up_for_retry] ti_id=01a02c51-8903-7c7a-9dd9-68a9a5c2e678>} [airflow.sdk.definitions.dag] loc=dag.py:1424
2026-08-23T01:55:26.182556Z [warning  ] No tasks to run. unrunnable tasks: {<TaskInstance: albus_hub_data_protection.refresh_dashboard_serving manual__2026-08-23T01:51:54.350603+00:00 [up_for_retry] ti_id=01a02c51-fddb-7158-a374-ecfd42bd9883>, <TaskInstance: albus_hub_data_protection.backup_data manual__2026-08-23T01:51:54.350603+00:00 [up_for_retry] ti_id=01a02c51-8903-7c7a-9dd9-68a9a5c2e678>} [airflow.sdk.definitions.dag] loc=dag.py:1424
2026-08-23T01:55:27.191538Z [warning  ] No tasks to run. unrunnable tasks: {<TaskInstance: albus_hub_data_protection.refresh_dashboard_serving manual__2026-08-23T01:51:54.350603+00:00 [up_for_retry] ti_id=01a02c51-fddb-7158-a374-ecfd42bd9883>, <TaskInstance: albus_hub_data_protection.backup_data manual__2026-08-23T01:51:54.350603+00:00 [up_for_retry] ti_id=01a02c51-8903-7c7a-9dd9-68a9a5c2e678>} [airflow.sdk.definitions.dag] loc=dag.py:1424
2026-08-23T01:55:28.200426Z [warning  ] No tasks to run. unrunnable tasks: {<TaskInstance: albus_hub_data_protection.refresh_dashboard_serving manual__2026-08-23T01:51:54.350603+00:00 [up_for_retry] ti_id=01a02c51-fddb-7158-a374-ecfd42bd9883>, <TaskInstance: albus_hub_data_protection.backup_data manual__2026-08-23T01:51:54.350603+00:00 [up_for_retry] ti_id=01a02c51-8903-7c7a-9dd9-68a9a5c2e678>} [airflow.sdk.definitions.dag] loc=dag.py:1424
2026-08-23T01:55:29.209452Z [warning  ] No tasks to run. unrunnable tasks: {<TaskInstance: albus_hub_data_protection.refresh_dashboard_serving manual__2026-08-23T01:51:54.350603+00:00 [up_for_retry] ti_id=01a02c51-fddb-7158-a374-ecfd42bd9883>, <TaskInstance: albus_hub_data_protection.backup_data manual__2026-08-23T01:51:54.350603+00:00 [up_for_retry] ti_id=01a02c51-8903-7c7a-9dd9-68a9a5c2e678>} [airflow.sdk.definitions.dag] loc=dag.py:1424
2026-08-23T01:55:30.217915Z [warning  ] No tasks to run. unrunnable tasks: {<TaskInstance: albus_hub_data_protection.refresh_dashboard_serving manual__2026-08-23T01:51:54.350603+00:00 [up_for_retry] ti_id=01a02c51-fddb-7158-a374-ecfd42bd9883>, <TaskInstance: albus_hub_data_protection.backup_data manual__2026-08-23T01:51:54.350603+00:00 [up_for_retry] ti_id=01a02c51-8903-7c7a-9dd9-68a9a5c2e678>} [airflow.sdk.definitions.dag] loc=dag.py:1424
2026-08-23T01:55:31.225455Z [warning  ] No tasks to run. unrunnable tasks: {<TaskInstance: albus_hub_data_protection.refresh_dashboard_serving manual__2026-08-23T01:51:54.350603+00:00 [up_for_retry] ti_id=01a02c51-fddb-7158-a374-ecfd42bd9883>, <TaskInstance: albus_hub_data_protection.backup_data manual__2026-08-23T01:51:54.350603+00:00 [up_for_retry] ti_id=01a02c51-8903-7c7a-9dd9-68a9a5c2e678>} [airflow.sdk.definitions.dag] loc=dag.py:1424
2026-08-23T01:55:32.234250Z [warning  ] No tasks to run. unrunnable tasks: {<TaskInstance: albus_hub_data_protection.refresh_dashboard_serving manual__2026-08-23T01:51:54.350603+00:00 [up_for_retry] ti_id=01a02c51-fddb-7158-a374-ecfd42bd9883>, <TaskInstance: albus_hub_data_protection.backup_data manual__2026-08-23T01:51:54.350603+00:00 [up_for_retry] ti_id=01a02c51-8903-7c7a-9dd9-68a9a5c2e678>} [airflow.sdk.definitions.dag] loc=dag.py:1424
2026-08-23T01:55:36.170358Z [warning  ] No tasks to run. unrunnable tasks: {<TaskInstance: albus_hub_data_protection.refresh_dashboard_serving manual__2026-08-23T01:51:54.350603+00:00 [up_for_retry] ti_id=01a02c51-fddb-7158-a374-ecfd42bd9883>, <TaskInstance: albus_hub_data_protection.backup_data manual__2026-08-23T01:51:54.350603+00:00 [up_for_retry] ti_id=01a02c51-8903-7c7a-9dd9-68a9a5c2e678>} [airflow.sdk.definitions.dag] loc=dag.py:1424
2026-08-23T01:55:37.179052Z [warning  ] No tasks to run. unrunnable tasks: {<TaskInstance: albus_hub_data_protection.refresh_dashboard_serving manual__2026-08-23T01:51:54.350603+00:00 [up_for_retry] ti_id=01a02c51-fddb-7158-a374-ecfd42bd9883>, <TaskInstance: albus_hub_data_protection.backup_data manual__2026-08-23T01:51:54.350603+00:00 [up_for_retry] ti_id=01a02c51-8903-7c7a-9dd9-68a9a5c2e678>} [airflow.sdk.definitions.dag] loc=dag.py:1424
2026-08-23T01:55:38.188214Z [warning  ] No tasks to run. unrunnable tasks: {<TaskInstance: albus_hub_data_protection.refresh_dashboard_serving manual__2026-08-23T01:51:54.350603+00:00 [up_for_retry] ti_id=01a02c51-fddb-7158-a374-ecfd42bd9883>, <TaskInstance: albus_hub_data_protection.backup_data manual__2026-08-23T01:51:54.350603+00:00 [up_for_retry] ti_id=01a02c51-8903-7c7a-9dd9-68a9a5c2e678>} [airflow.sdk.definitions.dag] loc=dag.py:1424
2026-08-23T01:55:39.196886Z [warning  ] No tasks to run. unrunnable tasks: {<TaskInstance: albus_hub_data_protection.refresh_dashboard_serving manual__2026-08-23T01:51:54.350603+00:00 [up_for_retry] ti_id=01a02c51-fddb-7158-a374-ecfd42bd9883>, <TaskInstance: albus_hub_data_protection.backup_data manual__2026-08-23T01:51:54.350603+00:00 [up_for_retry] ti_id=01a02c51-8903-7c7a-9dd9-68a9a5c2e678>} [airflow.sdk.definitions.dag] loc=dag.py:1424
2026-08-23T01:55:40.205663Z [warning  ] No tasks to run. unrunnable tasks: {<TaskInstance: albus_hub_data_protection.refresh_dashboard_serving manual__2026-08-23T01:51:54.350603+00:00 [up_for_retry] ti_id=01a02c51-fddb-7158-a374-ecfd42bd9883>, <TaskInstance: albus_hub_data_protection.backup_data manual__2026-08-23T01:51:54.350603+00:00 [up_for_retry] ti_id=01a02c51-8903-7c7a-9dd9-68a9a5c2e678>} [airflow.sdk.definitions.dag] loc=dag.py:1424
2026-08-23T01:55:41.214847Z [warning  ] No tasks to run. unrunnable tasks: {<TaskInstance: albus_hub_data_protection.refresh_dashboard_serving manual__2026-08-23T01:51:54.350603+00:00 [up_for_retry] ti_id=01a02c51-fddb-7158-a374-ecfd42bd9883>, <TaskInstance: albus_hub_data_protection.backup_data manual__2026-08-23T01:51:54.350603+00:00 [up_for_retry] ti_id=01a02c51-8903-7c7a-9dd9-68a9a5c2e678>} [airflow.sdk.definitions.dag] loc=dag.py:1424
2026-08-23T01:55:42.223776Z [warning  ] No tasks to run. unrunnable tasks: {<TaskInstance: albus_hub_data_protection.refresh_dashboard_serving manual__2026-08-23T01:51:54.350603+00:00 [up_for_retry] ti_id=01a02c51-fddb-7158-a374-ecfd42bd9883>, <TaskInstance: albus_hub_data_protection.backup_data manual__2026-08-23T01:51:54.350603+00:00 [up_for_retry] ti_id=01a02c51-8903-7c7a-9dd9-68a9a5c2e678>} [airflow.sdk.definitions.dag] loc=dag.py:1424
2026-08-23T01:55:43.231233Z [warning  ] No tasks to run. unrunnable tasks: {<TaskInstance: albus_hub_data_protection.refresh_dashboard_serving manual__2026-08-23T01:51:54.350603+00:00 [up_for_retry] ti_id=01a02c51-fddb-7158-a374-ecfd42bd9883>, <TaskInstance: albus_hub_data_protection.backup_data manual__2026-08-23T01:51:54.350603+00:00 [up_for_retry] ti_id=01a02c51-8903-7c7a-9dd9-68a9a5c2e678>} [airflow.sdk.definitions.dag] loc=dag.py:1424
2026-08-23T01:55:44.240179Z [warning  ] No tasks to run. unrunnable tasks: {<TaskInstance: albus_hub_data_protection.refresh_dashboard_serving manual__2026-08-23T01:51:54.350603+00:00 [up_for_retry] ti_id=01a02c51-fddb-7158-a374-ecfd42bd9883>, <TaskInstance: albus_hub_data_protection.backup_data manual__2026-08-23T01:51:54.350603+00:00 [up_for_retry] ti_id=01a02c51-8903-7c7a-9dd9-68a9a5c2e678>} [airflow.sdk.definitions.dag] loc=dag.py:1424
2026-08-23T01:55:45.247925Z [warning  ] No tasks to run. unrunnable tasks: {<TaskInstance: albus_hub_data_protection.refresh_dashboard_serving manual__2026-08-23T01:51:54.350603+00:00 [up_for_retry] ti_id=01a02c51-fddb-7158-a374-ecfd42bd9883>, <TaskInstance: albus_hub_data_protection.backup_data manual__2026-08-23T01:51:54.350603+00:00 [up_for_retry] ti_id=01a02c51-8903-7c7a-9dd9-68a9a5c2e678>} [airflow.sdk.definitions.dag] loc=dag.py:1424
2026-08-23T01:55:46.256608Z [warning  ] No tasks to run. unrunnable tasks: {<TaskInstance: albus_hub_data_protection.refresh_dashboard_serving manual__2026-08-23T01:51:54.350603+00:00 [up_for_retry] ti_id=01a02c51-fddb-7158-a374-ecfd42bd9883>, <TaskInstance: albus_hub_data_protection.backup_data manual__2026-08-23T01:51:54.350603+00:00 [up_for_retry] ti_id=01a02c51-8903-7c7a-9dd9-68a9a5c2e678>} [airflow.sdk.definitions.dag] loc=dag.py:1424
2026-08-23T01:55:47.265818Z [warning  ] No tasks to run. unrunnable tasks: {<TaskInstance: albus_hub_data_protection.refresh_dashboard_serving manual__2026-08-23T01:51:54.350603+00:00 [up_for_retry] ti_id=01a02c51-fddb-7158-a374-ecfd42bd9883>, <TaskInstance: albus_hub_data_protection.backup_data manual__2026-08-23T01:51:54.350603+00:00 [up_for_retry] ti_id=01a02c51-8903-7c7a-9dd9-68a9a5c2e678>} [airflow.sdk.definitions.dag] loc=dag.py:1424
2026-08-23T01:55:48.273436Z [warning  ] No tasks to run. unrunnable tasks: {<TaskInstance: albus_hub_data_protection.refresh_dashboard_serving manual__2026-08-23T01:51:54.350603+00:00 [up_for_retry] ti_id=01a02c51-fddb-7158-a374-ecfd42bd9883>, <TaskInstance: albus_hub_data_protection.backup_data manual__2026-08-23T01:51:54.350603+00:00 [up_for_retry] ti_id=01a02c51-8903-7c7a-9dd9-68a9a5c2e678>} [airflow.sdk.definitions.dag] loc=dag.py:1424
2026-08-23T01:55:49.282484Z [warning  ] No tasks to run. unrunnable tasks: {<TaskInstance: albus_hub_data_protection.refresh_dashboard_serving manual__2026-08-23T01:51:54.350603+00:00 [up_for_retry] ti_id=01a02c51-fddb-7158-a374-ecfd42bd9883>, <TaskInstance: albus_hub_data_protection.backup_data manual__2026-08-23T01:51:54.350603+00:00 [up_for_retry] ti_id=01a02c51-8903-7c7a-9dd9-68a9a5c2e678>} [airflow.sdk.definitions.dag] loc=dag.py:1424
2026-08-23T01:55:50.290863Z [warning  ] No tasks to run. unrunnable tasks: {<TaskInstance: albus_hub_data_protection.refresh_dashboard_serving manual__2026-08-23T01:51:54.350603+00:00 [up_for_retry] ti_id=01a02c51-fddb-7158-a374-ecfd42bd9883>, <TaskInstance: albus_hub_data_protection.backup_data manual__2026-08-23T01:51:54.350603+00:00 [up_for_retry] ti_id=01a02c51-8903-7c7a-9dd9-68a9a5c2e678>} [airflow.sdk.definitions.dag] loc=dag.py:1424
2026-08-23T01:55:51.300730Z [warning  ] No tasks to run. unrunnable tasks: {<TaskInstance: albus_hub_data_protection.refresh_dashboard_serving manual__2026-08-23T01:51:54.350603+00:00 [up_for_retry] ti_id=01a02c51-fddb-7158-a374-ecfd42bd9883>, <TaskInstance: albus_hub_data_protection.backup_data manual__2026-08-23T01:51:54.350603+00:00 [up_for_retry] ti_id=01a02c51-8903-7c7a-9dd9-68a9a5c2e678>} [airflow.sdk.definitions.dag] loc=dag.py:1424
2026-08-23T01:55:52.308514Z [warning  ] No tasks to run. unrunnable tasks: {<TaskInstance: albus_hub_data_protection.refresh_dashboard_serving manual__2026-08-23T01:51:54.350603+00:00 [up_for_retry] ti_id=01a02c51-fddb-7158-a374-ecfd42bd9883>, <TaskInstance: albus_hub_data_protection.backup_data manual__2026-08-23T01:51:54.350603+00:00 [up_for_retry] ti_id=01a02c51-8903-7c7a-9dd9-68a9a5c2e678>} [airflow.sdk.definitions.dag] loc=dag.py:1424
2026-08-23T01:55:53.317250Z [warning  ] No tasks to run. unrunnable tasks: {<TaskInstance: albus_hub_data_protection.refresh_dashboard_serving manual__2026-08-23T01:51:54.350603+00:00 [up_for_retry] ti_id=01a02c51-fddb-7158-a374-ecfd42bd9883>, <TaskInstance: albus_hub_data_protection.backup_data manual__2026-08-23T01:51:54.350603+00:00 [up_for_retry] ti_id=01a02c51-8903-7c7a-9dd9-68a9a5c2e678>} [airflow.sdk.definitions.dag] loc=dag.py:1424
2026-08-23T01:55:54.326202Z [warning  ] No tasks to run. unrunnable tasks: {<TaskInstance: albus_hub_data_protection.refresh_dashboard_serving manual__2026-08-23T01:51:54.350603+00:00 [up_for_retry] ti_id=01a02c51-fddb-7158-a374-ecfd42bd9883>, <TaskInstance: albus_hub_data_protection.backup_data manual__2026-08-23T01:51:54.350603+00:00 [up_for_retry] ti_id=01a02c51-8903-7c7a-9dd9-68a9a5c2e678>} [airflow.sdk.definitions.dag] loc=dag.py:1424
2026-08-23T01:55:55.334205Z [warning  ] No tasks to run. unrunnable tasks: {<TaskInstance: albus_hub_data_protection.refresh_dashboard_serving manual__2026-08-23T01:51:54.350603+00:00 [up_for_retry] ti_id=01a02c51-fddb-7158-a374-ecfd42bd9883>, <TaskInstance: albus_hub_data_protection.backup_data manual__2026-08-23T01:51:54.350603+00:00 [up_for_retry] ti_id=01a02c51-8903-7c7a-9dd9-68a9a5c2e678>} [airflow.sdk.definitions.dag] loc=dag.py:1424
2026-08-23T01:55:56.342308Z [warning  ] No tasks to run. unrunnable tasks: {<TaskInstance: albus_hub_data_protection.refresh_dashboard_serving manual__2026-08-23T01:51:54.350603+00:00 [up_for_retry] ti_id=01a02c51-fddb-7158-a374-ecfd42bd9883>, <TaskInstance: albus_hub_data_protection.backup_data manual__2026-08-23T01:51:54.350603+00:00 [up_for_retry] ti_id=01a02c51-8903-7c7a-9dd9-68a9a5c2e678>} [airflow.sdk.definitions.dag] loc=dag.py:1424
2026-08-23T01:55:57.351017Z [warning  ] No tasks to run. unrunnable tasks: {<TaskInstance: albus_hub_data_protection.refresh_dashboard_serving manual__2026-08-23T01:51:54.350603+00:00 [up_for_retry] ti_id=01a02c51-fddb-7158-a374-ecfd42bd9883>, <TaskInstance: albus_hub_data_protection.backup_data manual__2026-08-23T01:51:54.350603+00:00 [up_for_retry] ti_id=01a02c51-8903-7c7a-9dd9-68a9a5c2e678>} [airflow.sdk.definitions.dag] loc=dag.py:1424
2026-08-23T01:55:58.359262Z [warning  ] No tasks to run. unrunnable tasks: {<TaskInstance: albus_hub_data_protection.refresh_dashboard_serving manual__2026-08-23T01:51:54.350603+00:00 [up_for_retry] ti_id=01a02c51-fddb-7158-a374-ecfd42bd9883>, <TaskInstance: albus_hub_data_protection.backup_data manual__2026-08-23T01:51:54.350603+00:00 [up_for_retry] ti_id=01a02c51-8903-7c7a-9dd9-68a9a5c2e678>} [airflow.sdk.definitions.dag] loc=dag.py:1424
2026-08-23T01:55:59.369632Z [warning  ] No tasks to run. unrunnable tasks: {<TaskInstance: albus_hub_data_protection.refresh_dashboard_serving manual__2026-08-23T01:51:54.350603+00:00 [up_for_retry] ti_id=01a02c51-fddb-7158-a374-ecfd42bd9883>, <TaskInstance: albus_hub_data_protection.backup_data manual__2026-08-23T01:51:54.350603+00:00 [up_for_retry] ti_id=01a02c51-8903-7c7a-9dd9-68a9a5c2e678>} [airflow.sdk.definitions.dag] loc=dag.py:1424
2026-08-23T01:56:00.376883Z [warning  ] No tasks to run. unrunnable tasks: {<TaskInstance: albus_hub_data_protection.refresh_dashboard_serving manual__2026-08-23T01:51:54.350603+00:00 [up_for_retry] ti_id=01a02c51-fddb-7158-a374-ecfd42bd9883>, <TaskInstance: albus_hub_data_protection.backup_data manual__2026-08-23T01:51:54.350603+00:00 [up_for_retry] ti_id=01a02c51-8903-7c7a-9dd9-68a9a5c2e678>} [airflow.sdk.definitions.dag] loc=dag.py:1424
2026-08-23T01:56:01.386355Z [warning  ] No tasks to run. unrunnable tasks: {<TaskInstance: albus_hub_data_protection.refresh_dashboard_serving manual__2026-08-23T01:51:54.350603+00:00 [up_for_retry] ti_id=01a02c51-fddb-7158-a374-ecfd42bd9883>, <TaskInstance: albus_hub_data_protection.backup_data manual__2026-08-23T01:51:54.350603+00:00 [up_for_retry] ti_id=01a02c51-8903-7c7a-9dd9-68a9a5c2e678>} [airflow.sdk.definitions.dag] loc=dag.py:1424
2026-08-23T01:56:02.395471Z [warning  ] No tasks to run. unrunnable tasks: {<TaskInstance: albus_hub_data_protection.refresh_dashboard_serving manual__2026-08-23T01:51:54.350603+00:00 [up_for_retry] ti_id=01a02c51-fddb-7158-a374-ecfd42bd9883>, <TaskInstance: albus_hub_data_protection.backup_data manual__2026-08-23T01:51:54.350603+00:00 [up_for_retry] ti_id=01a02c51-8903-7c7a-9dd9-68a9a5c2e678>} [airflow.sdk.definitions.dag] loc=dag.py:1424
2026-08-23T01:56:03.404171Z [warning  ] No tasks to run. unrunnable tasks: {<TaskInstance: albus_hub_data_protection.refresh_dashboard_serving manual__2026-08-23T01:51:54.350603+00:00 [up_for_retry] ti_id=01a02c51-fddb-7158-a374-ecfd42bd9883>, <TaskInstance: albus_hub_data_protection.backup_data manual__2026-08-23T01:51:54.350603+00:00 [up_for_retry] ti_id=01a02c51-8903-7c7a-9dd9-68a9a5c2e678>} [airflow.sdk.definitions.dag] loc=dag.py:1424
2026-08-23T01:56:04.412615Z [warning  ] No tasks to run. unrunnable tasks: {<TaskInstance: albus_hub_data_protection.refresh_dashboard_serving manual__2026-08-23T01:51:54.350603+00:00 [up_for_retry] ti_id=01a02c51-fddb-7158-a374-ecfd42bd9883>, <TaskInstance: albus_hub_data_protection.backup_data manual__2026-08-23T01:51:54.350603+00:00 [up_for_retry] ti_id=01a02c51-8903-7c7a-9dd9-68a9a5c2e678>} [airflow.sdk.definitions.dag] loc=dag.py:1424
2026-08-23T01:56:05.420420Z [warning  ] No tasks to run. unrunnable tasks: {<TaskInstance: albus_hub_data_protection.refresh_dashboard_serving manual__2026-08-23T01:51:54.350603+00:00 [up_for_retry] ti_id=01a02c51-fddb-7158-a374-ecfd42bd9883>, <TaskInstance: albus_hub_data_protection.backup_data manual__2026-08-23T01:51:54.350603+00:00 [up_for_retry] ti_id=01a02c51-8903-7c7a-9dd9-68a9a5c2e678>} [airflow.sdk.definitions.dag] loc=dag.py:1424
2026-08-23T01:56:06.429039Z [warning  ] No tasks to run. unrunnable tasks: {<TaskInstance: albus_hub_data_protection.refresh_dashboard_serving manual__2026-08-23T01:51:54.350603+00:00 [up_for_retry] ti_id=01a02c51-fddb-7158-a374-ecfd42bd9883>, <TaskInstance: albus_hub_data_protection.backup_data manual__2026-08-23T01:51:54.350603+00:00 [up_for_retry] ti_id=01a02c51-8903-7c7a-9dd9-68a9a5c2e678>} [airflow.sdk.definitions.dag] loc=dag.py:1424
2026-08-23T01:56:07.438020Z [warning  ] No tasks to run. unrunnable tasks: {<TaskInstance: albus_hub_data_protection.refresh_dashboard_serving manual__2026-08-23T01:51:54.350603+00:00 [up_for_retry] ti_id=01a02c51-fddb-7158-a374-ecfd42bd9883>, <TaskInstance: albus_hub_data_protection.backup_data manual__2026-08-23T01:51:54.350603+00:00 [up_for_retry] ti_id=01a02c51-8903-7c7a-9dd9-68a9a5c2e678>} [airflow.sdk.definitions.dag] loc=dag.py:1424
2026-08-23T01:56:11.375385Z [warning  ] No tasks to run. unrunnable tasks: {<TaskInstance: albus_hub_data_protection.refresh_dashboard_serving manual__2026-08-23T01:51:54.350603+00:00 [up_for_retry] ti_id=01a02c51-fddb-7158-a374-ecfd42bd9883>, <TaskInstance: albus_hub_data_protection.backup_data manual__2026-08-23T01:51:54.350603+00:00 [up_for_retry] ti_id=01a02c51-8903-7c7a-9dd9-68a9a5c2e678>} [airflow.sdk.definitions.dag] loc=dag.py:1424
2026-08-23T01:56:12.384314Z [warning  ] No tasks to run. unrunnable tasks: {<TaskInstance: albus_hub_data_protection.refresh_dashboard_serving manual__2026-08-23T01:51:54.350603+00:00 [up_for_retry] ti_id=01a02c51-fddb-7158-a374-ecfd42bd9883>, <TaskInstance: albus_hub_data_protection.backup_data manual__2026-08-23T01:51:54.350603+00:00 [up_for_retry] ti_id=01a02c51-8903-7c7a-9dd9-68a9a5c2e678>} [airflow.sdk.definitions.dag] loc=dag.py:1424
2026-08-23T01:56:13.394000Z [warning  ] No tasks to run. unrunnable tasks: {<TaskInstance: albus_hub_data_protection.refresh_dashboard_serving manual__2026-08-23T01:51:54.350603+00:00 [up_for_retry] ti_id=01a02c51-fddb-7158-a374-ecfd42bd9883>, <TaskInstance: albus_hub_data_protection.backup_data manual__2026-08-23T01:51:54.350603+00:00 [up_for_retry] ti_id=01a02c51-8903-7c7a-9dd9-68a9a5c2e678>} [airflow.sdk.definitions.dag] loc=dag.py:1424
2026-08-23T01:56:14.402103Z [warning  ] No tasks to run. unrunnable tasks: {<TaskInstance: albus_hub_data_protection.refresh_dashboard_serving manual__2026-08-23T01:51:54.350603+00:00 [up_for_retry] ti_id=01a02c51-fddb-7158-a374-ecfd42bd9883>, <TaskInstance: albus_hub_data_protection.backup_data manual__2026-08-23T01:51:54.350603+00:00 [up_for_retry] ti_id=01a02c51-8903-7c7a-9dd9-68a9a5c2e678>} [airflow.sdk.definitions.dag] loc=dag.py:1424
2026-08-23T01:56:15.410743Z [warning  ] No tasks to run. unrunnable tasks: {<TaskInstance: albus_hub_data_protection.refresh_dashboard_serving manual__2026-08-23T01:51:54.350603+00:00 [up_for_retry] ti_id=01a02c51-fddb-7158-a374-ecfd42bd9883>, <TaskInstance: albus_hub_data_protection.backup_data manual__2026-08-23T01:51:54.350603+00:00 [up_for_retry] ti_id=01a02c51-8903-7c7a-9dd9-68a9a5c2e678>} [airflow.sdk.definitions.dag] loc=dag.py:1424
2026-08-23T01:56:16.419740Z [warning  ] No tasks to run. unrunnable tasks: {<TaskInstance: albus_hub_data_protection.refresh_dashboard_serving manual__2026-08-23T01:51:54.350603+00:00 [up_for_retry] ti_id=01a02c51-fddb-7158-a374-ecfd42bd9883>, <TaskInstance: albus_hub_data_protection.backup_data manual__2026-08-23T01:51:54.350603+00:00 [up_for_retry] ti_id=01a02c51-8903-7c7a-9dd9-68a9a5c2e678>} [airflow.sdk.definitions.dag] loc=dag.py:1424
2026-08-23T01:56:17.428762Z [warning  ] No tasks to run. unrunnable tasks: {<TaskInstance: albus_hub_data_protection.refresh_dashboard_serving manual__2026-08-23T01:51:54.350603+00:00 [up_for_retry] ti_id=01a02c51-fddb-7158-a374-ecfd42bd9883>, <TaskInstance: albus_hub_data_protection.backup_data manual__2026-08-23T01:51:54.350603+00:00 [up_for_retry] ti_id=01a02c51-8903-7c7a-9dd9-68a9a5c2e678>} [airflow.sdk.definitions.dag] loc=dag.py:1424
2026-08-23T01:56:18.436481Z [warning  ] No tasks to run. unrunnable tasks: {<TaskInstance: albus_hub_data_protection.refresh_dashboard_serving manual__2026-08-23T01:51:54.350603+00:00 [up_for_retry] ti_id=01a02c51-fddb-7158-a374-ecfd42bd9883>, <TaskInstance: albus_hub_data_protection.backup_data manual__2026-08-23T01:51:54.350603+00:00 [up_for_retry] ti_id=01a02c51-8903-7c7a-9dd9-68a9a5c2e678>} [airflow.sdk.definitions.dag] loc=dag.py:1424
2026-08-23T01:56:19.444503Z [warning  ] No tasks to run. unrunnable tasks: {<TaskInstance: albus_hub_data_protection.refresh_dashboard_serving manual__2026-08-23T01:51:54.350603+00:00 [up_for_retry] ti_id=01a02c51-fddb-7158-a374-ecfd42bd9883>, <TaskInstance: albus_hub_data_protection.backup_data manual__2026-08-23T01:51:54.350603+00:00 [up_for_retry] ti_id=01a02c51-8903-7c7a-9dd9-68a9a5c2e678>} [airflow.sdk.definitions.dag] loc=dag.py:1424
2026-08-23T01:56:20.453338Z [warning  ] No tasks to run. unrunnable tasks: {<TaskInstance: albus_hub_data_protection.refresh_dashboard_serving manual__2026-08-23T01:51:54.350603+00:00 [up_for_retry] ti_id=01a02c51-fddb-7158-a374-ecfd42bd9883>, <TaskInstance: albus_hub_data_protection.backup_data manual__2026-08-23T01:51:54.350603+00:00 [up_for_retry] ti_id=01a02c51-8903-7c7a-9dd9-68a9a5c2e678>} [airflow.sdk.definitions.dag] loc=dag.py:1424
2026-08-23T01:56:21.462362Z [warning  ] No tasks to run. unrunnable tasks: {<TaskInstance: albus_hub_data_protection.refresh_dashboard_serving manual__2026-08-23T01:51:54.350603+00:00 [up_for_retry] ti_id=01a02c51-fddb-7158-a374-ecfd42bd9883>, <TaskInstance: albus_hub_data_protection.backup_data manual__2026-08-23T01:51:54.350603+00:00 [up_for_retry] ti_id=01a02c51-8903-7c7a-9dd9-68a9a5c2e678>} [airflow.sdk.definitions.dag] loc=dag.py:1424
2026-08-23T01:56:22.471086Z [warning  ] No tasks to run. unrunnable tasks: {<TaskInstance: albus_hub_data_protection.refresh_dashboard_serving manual__2026-08-23T01:51:54.350603+00:00 [up_for_retry] ti_id=01a02c51-fddb-7158-a374-ecfd42bd9883>, <TaskInstance: albus_hub_data_protection.backup_data manual__2026-08-23T01:51:54.350603+00:00 [up_for_retry] ti_id=01a02c51-8903-7c7a-9dd9-68a9a5c2e678>} [airflow.sdk.definitions.dag] loc=dag.py:1424
2026-08-23T01:56:23.480631Z [warning  ] No tasks to run. unrunnable tasks: {<TaskInstance: albus_hub_data_protection.refresh_dashboard_serving manual__2026-08-23T01:51:54.350603+00:00 [up_for_retry] ti_id=01a02c51-fddb-7158-a374-ecfd42bd9883>, <TaskInstance: albus_hub_data_protection.backup_data manual__2026-08-23T01:51:54.350603+00:00 [up_for_retry] ti_id=01a02c51-8903-7c7a-9dd9-68a9a5c2e678>} [airflow.sdk.definitions.dag] loc=dag.py:1424
2026-08-23T01:56:24.488884Z [warning  ] No tasks to run. unrunnable tasks: {<TaskInstance: albus_hub_data_protection.refresh_dashboard_serving manual__2026-08-23T01:51:54.350603+00:00 [up_for_retry] ti_id=01a02c51-fddb-7158-a374-ecfd42bd9883>, <TaskInstance: albus_hub_data_protection.backup_data manual__2026-08-23T01:51:54.350603+00:00 [up_for_retry] ti_id=01a02c51-8903-7c7a-9dd9-68a9a5c2e678>} [airflow.sdk.definitions.dag] loc=dag.py:1424
2026-08-23T01:56:25.497404Z [warning  ] No tasks to run. unrunnable tasks: {<TaskInstance: albus_hub_data_protection.refresh_dashboard_serving manual__2026-08-23T01:51:54.350603+00:00 [up_for_retry] ti_id=01a02c51-fddb-7158-a374-ecfd42bd9883>, <TaskInstance: albus_hub_data_protection.backup_data manual__2026-08-23T01:51:54.350603+00:00 [up_for_retry] ti_id=01a02c51-8903-7c7a-9dd9-68a9a5c2e678>} [airflow.sdk.definitions.dag] loc=dag.py:1424
2026-08-23T01:56:26.505956Z [warning  ] No tasks to run. unrunnable tasks: {<TaskInstance: albus_hub_data_protection.refresh_dashboard_serving manual__2026-08-23T01:51:54.350603+00:00 [up_for_retry] ti_id=01a02c51-fddb-7158-a374-ecfd42bd9883>, <TaskInstance: albus_hub_data_protection.backup_data manual__2026-08-23T01:51:54.350603+00:00 [up_for_retry] ti_id=01a02c51-8903-7c7a-9dd9-68a9a5c2e678>} [airflow.sdk.definitions.dag] loc=dag.py:1424
2026-08-23T01:56:27.513673Z [warning  ] No tasks to run. unrunnable tasks: {<TaskInstance: albus_hub_data_protection.refresh_dashboard_serving manual__2026-08-23T01:51:54.350603+00:00 [up_for_retry] ti_id=01a02c51-fddb-7158-a374-ecfd42bd9883>, <TaskInstance: albus_hub_data_protection.backup_data manual__2026-08-23T01:51:54.350603+00:00 [up_for_retry] ti_id=01a02c51-8903-7c7a-9dd9-68a9a5c2e678>} [airflow.sdk.definitions.dag] loc=dag.py:1424
2026-08-23T01:56:28.521927Z [warning  ] No tasks to run. unrunnable tasks: {<TaskInstance: albus_hub_data_protection.refresh_dashboard_serving manual__2026-08-23T01:51:54.350603+00:00 [up_for_retry] ti_id=01a02c51-fddb-7158-a374-ecfd42bd9883>, <TaskInstance: albus_hub_data_protection.backup_data manual__2026-08-23T01:51:54.350603+00:00 [up_for_retry] ti_id=01a02c51-8903-7c7a-9dd9-68a9a5c2e678>} [airflow.sdk.definitions.dag] loc=dag.py:1424
2026-08-23T01:56:29.529742Z [warning  ] No tasks to run. unrunnable tasks: {<TaskInstance: albus_hub_data_protection.refresh_dashboard_serving manual__2026-08-23T01:51:54.350603+00:00 [up_for_retry] ti_id=01a02c51-fddb-7158-a374-ecfd42bd9883>, <TaskInstance: albus_hub_data_protection.backup_data manual__2026-08-23T01:51:54.350603+00:00 [up_for_retry] ti_id=01a02c51-8903-7c7a-9dd9-68a9a5c2e678>} [airflow.sdk.definitions.dag] loc=dag.py:1424
2026-08-23T01:56:30.538720Z [warning  ] No tasks to run. unrunnable tasks: {<TaskInstance: albus_hub_data_protection.refresh_dashboard_serving manual__2026-08-23T01:51:54.350603+00:00 [up_for_retry] ti_id=01a02c51-fddb-7158-a374-ecfd42bd9883>, <TaskInstance: albus_hub_data_protection.backup_data manual__2026-08-23T01:51:54.350603+00:00 [up_for_retry] ti_id=01a02c51-8903-7c7a-9dd9-68a9a5c2e678>} [airflow.sdk.definitions.dag] loc=dag.py:1424
2026-08-23T01:56:31.547643Z [warning  ] No tasks to run. unrunnable tasks: {<TaskInstance: albus_hub_data_protection.refresh_dashboard_serving manual__2026-08-23T01:51:54.350603+00:00 [up_for_retry] ti_id=01a02c51-fddb-7158-a374-ecfd42bd9883>, <TaskInstance: albus_hub_data_protection.backup_data manual__2026-08-23T01:51:54.350603+00:00 [up_for_retry] ti_id=01a02c51-8903-7c7a-9dd9-68a9a5c2e678>} [airflow.sdk.definitions.dag] loc=dag.py:1424
2026-08-23T01:56:32.556066Z [warning  ] No tasks to run. unrunnable tasks: {<TaskInstance: albus_hub_data_protection.refresh_dashboard_serving manual__2026-08-23T01:51:54.350603+00:00 [up_for_retry] ti_id=01a02c51-fddb-7158-a374-ecfd42bd9883>, <TaskInstance: albus_hub_data_protection.backup_data manual__2026-08-23T01:51:54.350603+00:00 [up_for_retry] ti_id=01a02c51-8903-7c7a-9dd9-68a9a5c2e678>} [airflow.sdk.definitions.dag] loc=dag.py:1424
2026-08-23T01:56:33.565078Z [warning  ] No tasks to run. unrunnable tasks: {<TaskInstance: albus_hub_data_protection.refresh_dashboard_serving manual__2026-08-23T01:51:54.350603+00:00 [up_for_retry] ti_id=01a02c51-fddb-7158-a374-ecfd42bd9883>, <TaskInstance: albus_hub_data_protection.backup_data manual__2026-08-23T01:51:54.350603+00:00 [up_for_retry] ti_id=01a02c51-8903-7c7a-9dd9-68a9a5c2e678>} [airflow.sdk.definitions.dag] loc=dag.py:1424
2026-08-23T01:56:34.574605Z [warning  ] No tasks to run. unrunnable tasks: {<TaskInstance: albus_hub_data_protection.refresh_dashboard_serving manual__2026-08-23T01:51:54.350603+00:00 [up_for_retry] ti_id=01a02c51-fddb-7158-a374-ecfd42bd9883>, <TaskInstance: albus_hub_data_protection.backup_data manual__2026-08-23T01:51:54.350603+00:00 [up_for_retry] ti_id=01a02c51-8903-7c7a-9dd9-68a9a5c2e678>} [airflow.sdk.definitions.dag] loc=dag.py:1424
2026-08-23T01:56:35.583625Z [warning  ] No tasks to run. unrunnable tasks: {<TaskInstance: albus_hub_data_protection.refresh_dashboard_serving manual__2026-08-23T01:51:54.350603+00:00 [up_for_retry] ti_id=01a02c51-fddb-7158-a374-ecfd42bd9883>, <TaskInstance: albus_hub_data_protection.backup_data manual__2026-08-23T01:51:54.350603+00:00 [up_for_retry] ti_id=01a02c51-8903-7c7a-9dd9-68a9a5c2e678>} [airflow.sdk.definitions.dag] loc=dag.py:1424
2026-08-23T01:56:36.595995Z [warning  ] No tasks to run. unrunnable tasks: {<TaskInstance: albus_hub_data_protection.refresh_dashboard_serving manual__2026-08-23T01:51:54.350603+00:00 [up_for_retry] ti_id=01a02c51-fddb-7158-a374-ecfd42bd9883>, <TaskInstance: albus_hub_data_protection.backup_data manual__2026-08-23T01:51:54.350603+00:00 [up_for_retry] ti_id=01a02c51-8903-7c7a-9dd9-68a9a5c2e678>} [airflow.sdk.definitions.dag] loc=dag.py:1424
2026-08-23T01:56:37.605819Z [warning  ] No tasks to run. unrunnable tasks: {<TaskInstance: albus_hub_data_protection.refresh_dashboard_serving manual__2026-08-23T01:51:54.350603+00:00 [up_for_retry] ti_id=01a02c51-fddb-7158-a374-ecfd42bd9883>, <TaskInstance: albus_hub_data_protection.backup_data manual__2026-08-23T01:51:54.350603+00:00 [up_for_retry] ti_id=01a02c51-8903-7c7a-9dd9-68a9a5c2e678>} [airflow.sdk.definitions.dag] loc=dag.py:1424
2026-08-23T01:56:38.616535Z [warning  ] No tasks to run. unrunnable tasks: {<TaskInstance: albus_hub_data_protection.refresh_dashboard_serving manual__2026-08-23T01:51:54.350603+00:00 [up_for_retry] ti_id=01a02c51-fddb-7158-a374-ecfd42bd9883>, <TaskInstance: albus_hub_data_protection.backup_data manual__2026-08-23T01:51:54.350603+00:00 [up_for_retry] ti_id=01a02c51-8903-7c7a-9dd9-68a9a5c2e678>} [airflow.sdk.definitions.dag] loc=dag.py:1424
2026-08-23T01:56:39.626599Z [warning  ] No tasks to run. unrunnable tasks: {<TaskInstance: albus_hub_data_protection.refresh_dashboard_serving manual__2026-08-23T01:51:54.350603+00:00 [up_for_retry] ti_id=01a02c51-fddb-7158-a374-ecfd42bd9883>, <TaskInstance: albus_hub_data_protection.backup_data manual__2026-08-23T01:51:54.350603+00:00 [up_for_retry] ti_id=01a02c51-8903-7c7a-9dd9-68a9a5c2e678>} [airflow.sdk.definitions.dag] loc=dag.py:1424
2026-08-23T01:56:40.636241Z [warning  ] No tasks to run. unrunnable tasks: {<TaskInstance: albus_hub_data_protection.refresh_dashboard_serving manual__2026-08-23T01:51:54.350603+00:00 [up_for_retry] ti_id=01a02c51-fddb-7158-a374-ecfd42bd9883>, <TaskInstance: albus_hub_data_protection.backup_data manual__2026-08-23T01:51:54.350603+00:00 [up_for_retry] ti_id=01a02c51-8903-7c7a-9dd9-68a9a5c2e678>} [airflow.sdk.definitions.dag] loc=dag.py:1424
2026-08-23T01:56:41.646520Z [warning  ] No tasks to run. unrunnable tasks: {<TaskInstance: albus_hub_data_protection.refresh_dashboard_serving manual__2026-08-23T01:51:54.350603+00:00 [up_for_retry] ti_id=01a02c51-fddb-7158-a374-ecfd42bd9883>, <TaskInstance: albus_hub_data_protection.backup_data manual__2026-08-23T01:51:54.350603+00:00 [up_for_retry] ti_id=01a02c51-8903-7c7a-9dd9-68a9a5c2e678>} [airflow.sdk.definitions.dag] loc=dag.py:1424
2026-08-23T01:56:42.656809Z [warning  ] No tasks to run. unrunnable tasks: {<TaskInstance: albus_hub_data_protection.refresh_dashboard_serving manual__2026-08-23T01:51:54.350603+00:00 [up_for_retry] ti_id=01a02c51-fddb-7158-a374-ecfd42bd9883>, <TaskInstance: albus_hub_data_protection.backup_data manual__2026-08-23T01:51:54.350603+00:00 [up_for_retry] ti_id=01a02c51-8903-7c7a-9dd9-68a9a5c2e678>} [airflow.sdk.definitions.dag] loc=dag.py:1424
2026-08-23T01:56:46.597149Z [warning  ] No tasks to run. unrunnable tasks: {<TaskInstance: albus_hub_data_protection.refresh_dashboard_serving manual__2026-08-23T01:51:54.350603+00:00 [up_for_retry] ti_id=01a02c51-fddb-7158-a374-ecfd42bd9883>, <TaskInstance: albus_hub_data_protection.backup_data manual__2026-08-23T01:51:54.350603+00:00 [up_for_retry] ti_id=01a02c51-8903-7c7a-9dd9-68a9a5c2e678>} [airflow.sdk.definitions.dag] loc=dag.py:1424
2026-08-23T01:56:47.606259Z [warning  ] No tasks to run. unrunnable tasks: {<TaskInstance: albus_hub_data_protection.refresh_dashboard_serving manual__2026-08-23T01:51:54.350603+00:00 [up_for_retry] ti_id=01a02c51-fddb-7158-a374-ecfd42bd9883>, <TaskInstance: albus_hub_data_protection.backup_data manual__2026-08-23T01:51:54.350603+00:00 [up_for_retry] ti_id=01a02c51-8903-7c7a-9dd9-68a9a5c2e678>} [airflow.sdk.definitions.dag] loc=dag.py:1424
2026-08-23T01:56:48.614747Z [warning  ] No tasks to run. unrunnable tasks: {<TaskInstance: albus_hub_data_protection.refresh_dashboard_serving manual__2026-08-23T01:51:54.350603+00:00 [up_for_retry] ti_id=01a02c51-fddb-7158-a374-ecfd42bd9883>, <TaskInstance: albus_hub_data_protection.backup_data manual__2026-08-23T01:51:54.350603+00:00 [up_for_retry] ti_id=01a02c51-8903-7c7a-9dd9-68a9a5c2e678>} [airflow.sdk.definitions.dag] loc=dag.py:1424
2026-08-23T01:56:49.622867Z [warning  ] No tasks to run. unrunnable tasks: {<TaskInstance: albus_hub_data_protection.refresh_dashboard_serving manual__2026-08-23T01:51:54.350603+00:00 [up_for_retry] ti_id=01a02c51-fddb-7158-a374-ecfd42bd9883>, <TaskInstance: albus_hub_data_protection.backup_data manual__2026-08-23T01:51:54.350603+00:00 [up_for_retry] ti_id=01a02c51-8903-7c7a-9dd9-68a9a5c2e678>} [airflow.sdk.definitions.dag] loc=dag.py:1424
2026-08-23T01:56:50.631800Z [warning  ] No tasks to run. unrunnable tasks: {<TaskInstance: albus_hub_data_protection.refresh_dashboard_serving manual__2026-08-23T01:51:54.350603+00:00 [up_for_retry] ti_id=01a02c51-fddb-7158-a374-ecfd42bd9883>, <TaskInstance: albus_hub_data_protection.backup_data manual__2026-08-23T01:51:54.350603+00:00 [up_for_retry] ti_id=01a02c51-8903-7c7a-9dd9-68a9a5c2e678>} [airflow.sdk.definitions.dag] loc=dag.py:1424
2026-08-23T01:56:51.639393Z [warning  ] No tasks to run. unrunnable tasks: {<TaskInstance: albus_hub_data_protection.refresh_dashboard_serving manual__2026-08-23T01:51:54.350603+00:00 [up_for_retry] ti_id=01a02c51-fddb-7158-a374-ecfd42bd9883>, <TaskInstance: albus_hub_data_protection.backup_data manual__2026-08-23T01:51:54.350603+00:00 [up_for_retry] ti_id=01a02c51-8903-7c7a-9dd9-68a9a5c2e678>} [airflow.sdk.definitions.dag] loc=dag.py:1424
2026-08-23T01:56:52.648600Z [warning  ] No tasks to run. unrunnable tasks: {<TaskInstance: albus_hub_data_protection.refresh_dashboard_serving manual__2026-08-23T01:51:54.350603+00:00 [up_for_retry] ti_id=01a02c51-fddb-7158-a374-ecfd42bd9883>, <TaskInstance: albus_hub_data_protection.backup_data manual__2026-08-23T01:51:54.350603+00:00 [up_for_retry] ti_id=01a02c51-8903-7c7a-9dd9-68a9a5c2e678>} [airflow.sdk.definitions.dag] loc=dag.py:1424
2026-08-23T01:56:53.656026Z [warning  ] No tasks to run. unrunnable tasks: {<TaskInstance: albus_hub_data_protection.refresh_dashboard_serving manual__2026-08-23T01:51:54.350603+00:00 [up_for_retry] ti_id=01a02c51-fddb-7158-a374-ecfd42bd9883>, <TaskInstance: albus_hub_data_protection.backup_data manual__2026-08-23T01:51:54.350603+00:00 [up_for_retry] ti_id=01a02c51-8903-7c7a-9dd9-68a9a5c2e678>} [airflow.sdk.definitions.dag] loc=dag.py:1424
2026-08-23T01:56:54.666176Z [warning  ] No tasks to run. unrunnable tasks: {<TaskInstance: albus_hub_data_protection.refresh_dashboard_serving manual__2026-08-23T01:51:54.350603+00:00 [up_for_retry] ti_id=01a02c51-fddb-7158-a374-ecfd42bd9883>, <TaskInstance: albus_hub_data_protection.backup_data manual__2026-08-23T01:51:54.350603+00:00 [up_for_retry] ti_id=01a02c51-8903-7c7a-9dd9-68a9a5c2e678>} [airflow.sdk.definitions.dag] loc=dag.py:1424
2026-08-23T01:56:55.674414Z [warning  ] No tasks to run. unrunnable tasks: {<TaskInstance: albus_hub_data_protection.refresh_dashboard_serving manual__2026-08-23T01:51:54.350603+00:00 [up_for_retry] ti_id=01a02c51-fddb-7158-a374-ecfd42bd9883>, <TaskInstance: albus_hub_data_protection.backup_data manual__2026-08-23T01:51:54.350603+00:00 [up_for_retry] ti_id=01a02c51-8903-7c7a-9dd9-68a9a5c2e678>} [airflow.sdk.definitions.dag] loc=dag.py:1424
2026-08-23T01:56:56.687435Z [warning  ] No tasks to run. unrunnable tasks: {<TaskInstance: albus_hub_data_protection.refresh_dashboard_serving manual__2026-08-23T01:51:54.350603+00:00 [up_for_retry] ti_id=01a02c51-fddb-7158-a374-ecfd42bd9883>, <TaskInstance: albus_hub_data_protection.backup_data manual__2026-08-23T01:51:54.350603+00:00 [up_for_retry] ti_id=01a02c51-8903-7c7a-9dd9-68a9a5c2e678>} [airflow.sdk.definitions.dag] loc=dag.py:1424
2026-08-23T01:56:57.696106Z [warning  ] No tasks to run. unrunnable tasks: {<TaskInstance: albus_hub_data_protection.refresh_dashboard_serving manual__2026-08-23T01:51:54.350603+00:00 [up_for_retry] ti_id=01a02c51-fddb-7158-a374-ecfd42bd9883>, <TaskInstance: albus_hub_data_protection.backup_data manual__2026-08-23T01:51:54.350603+00:00 [up_for_retry] ti_id=01a02c51-8903-7c7a-9dd9-68a9a5c2e678>} [airflow.sdk.definitions.dag] loc=dag.py:1424
2026-08-23T01:56:58.703857Z [warning  ] No tasks to run. unrunnable tasks: {<TaskInstance: albus_hub_data_protection.refresh_dashboard_serving manual__2026-08-23T01:51:54.350603+00:00 [up_for_retry] ti_id=01a02c51-fddb-7158-a374-ecfd42bd9883>, <TaskInstance: albus_hub_data_protection.backup_data manual__2026-08-23T01:51:54.350603+00:00 [up_for_retry] ti_id=01a02c51-8903-7c7a-9dd9-68a9a5c2e678>} [airflow.sdk.definitions.dag] loc=dag.py:1424
2026-08-23T01:56:59.712634Z [warning  ] No tasks to run. unrunnable tasks: {<TaskInstance: albus_hub_data_protection.refresh_dashboard_serving manual__2026-08-23T01:51:54.350603+00:00 [up_for_retry] ti_id=01a02c51-fddb-7158-a374-ecfd42bd9883>, <TaskInstance: albus_hub_data_protection.backup_data manual__2026-08-23T01:51:54.350603+00:00 [up_for_retry] ti_id=01a02c51-8903-7c7a-9dd9-68a9a5c2e678>} [airflow.sdk.definitions.dag] loc=dag.py:1424
2026-08-23T01:57:00.721487Z [warning  ] No tasks to run. unrunnable tasks: {<TaskInstance: albus_hub_data_protection.refresh_dashboard_serving manual__2026-08-23T01:51:54.350603+00:00 [up_for_retry] ti_id=01a02c51-fddb-7158-a374-ecfd42bd9883>, <TaskInstance: albus_hub_data_protection.backup_data manual__2026-08-23T01:51:54.350603+00:00 [up_for_retry] ti_id=01a02c51-8903-7c7a-9dd9-68a9a5c2e678>} [airflow.sdk.definitions.dag] loc=dag.py:1424
2026-08-23T01:57:01.729960Z [warning  ] No tasks to run. unrunnable tasks: {<TaskInstance: albus_hub_data_protection.refresh_dashboard_serving manual__2026-08-23T01:51:54.350603+00:00 [up_for_retry] ti_id=01a02c51-fddb-7158-a374-ecfd42bd9883>, <TaskInstance: albus_hub_data_protection.backup_data manual__2026-08-23T01:51:54.350603+00:00 [up_for_retry] ti_id=01a02c51-8903-7c7a-9dd9-68a9a5c2e678>} [airflow.sdk.definitions.dag] loc=dag.py:1424
2026-08-23T01:57:02.740472Z [warning  ] No tasks to run. unrunnable tasks: {<TaskInstance: albus_hub_data_protection.refresh_dashboard_serving manual__2026-08-23T01:51:54.350603+00:00 [up_for_retry] ti_id=01a02c51-fddb-7158-a374-ecfd42bd9883>, <TaskInstance: albus_hub_data_protection.backup_data manual__2026-08-23T01:51:54.350603+00:00 [up_for_retry] ti_id=01a02c51-8903-7c7a-9dd9-68a9a5c2e678>} [airflow.sdk.definitions.dag] loc=dag.py:1424
2026-08-23T01:57:03.749053Z [warning  ] No tasks to run. unrunnable tasks: {<TaskInstance: albus_hub_data_protection.refresh_dashboard_serving manual__2026-08-23T01:51:54.350603+00:00 [up_for_retry] ti_id=01a02c51-fddb-7158-a374-ecfd42bd9883>, <TaskInstance: albus_hub_data_protection.backup_data manual__2026-08-23T01:51:54.350603+00:00 [up_for_retry] ti_id=01a02c51-8903-7c7a-9dd9-68a9a5c2e678>} [airflow.sdk.definitions.dag] loc=dag.py:1424
2026-08-23T01:57:04.757680Z [warning  ] No tasks to run. unrunnable tasks: {<TaskInstance: albus_hub_data_protection.refresh_dashboard_serving manual__2026-08-23T01:51:54.350603+00:00 [up_for_retry] ti_id=01a02c51-fddb-7158-a374-ecfd42bd9883>, <TaskInstance: albus_hub_data_protection.backup_data manual__2026-08-23T01:51:54.350603+00:00 [up_for_retry] ti_id=01a02c51-8903-7c7a-9dd9-68a9a5c2e678>} [airflow.sdk.definitions.dag] loc=dag.py:1424
2026-08-23T01:57:05.766922Z [warning  ] No tasks to run. unrunnable tasks: {<TaskInstance: albus_hub_data_protection.refresh_dashboard_serving manual__2026-08-23T01:51:54.350603+00:00 [up_for_retry] ti_id=01a02c51-fddb-7158-a374-ecfd42bd9883>, <TaskInstance: albus_hub_data_protection.backup_data manual__2026-08-23T01:51:54.350603+00:00 [up_for_retry] ti_id=01a02c51-8903-7c7a-9dd9-68a9a5c2e678>} [airflow.sdk.definitions.dag] loc=dag.py:1424
2026-08-23T01:57:06.776399Z [warning  ] No tasks to run. unrunnable tasks: {<TaskInstance: albus_hub_data_protection.refresh_dashboard_serving manual__2026-08-23T01:51:54.350603+00:00 [up_for_retry] ti_id=01a02c51-fddb-7158-a374-ecfd42bd9883>, <TaskInstance: albus_hub_data_protection.backup_data manual__2026-08-23T01:51:54.350603+00:00 [up_for_retry] ti_id=01a02c51-8903-7c7a-9dd9-68a9a5c2e678>} [airflow.sdk.definitions.dag] loc=dag.py:1424
2026-08-23T01:57:07.784681Z [warning  ] No tasks to run. unrunnable tasks: {<TaskInstance: albus_hub_data_protection.refresh_dashboard_serving manual__2026-08-23T01:51:54.350603+00:00 [up_for_retry] ti_id=01a02c51-fddb-7158-a374-ecfd42bd9883>, <TaskInstance: albus_hub_data_protection.backup_data manual__2026-08-23T01:51:54.350603+00:00 [up_for_retry] ti_id=01a02c51-8903-7c7a-9dd9-68a9a5c2e678>} [airflow.sdk.definitions.dag] loc=dag.py:1424
2026-08-23T01:57:08.793605Z [warning  ] No tasks to run. unrunnable tasks: {<TaskInstance: albus_hub_data_protection.refresh_dashboard_serving manual__2026-08-23T01:51:54.350603+00:00 [up_for_retry] ti_id=01a02c51-fddb-7158-a374-ecfd42bd9883>, <TaskInstance: albus_hub_data_protection.backup_data manual__2026-08-23T01:51:54.350603+00:00 [up_for_retry] ti_id=01a02c51-8903-7c7a-9dd9-68a9a5c2e678>} [airflow.sdk.definitions.dag] loc=dag.py:1424
2026-08-23T01:57:09.801997Z [warning  ] No tasks to run. unrunnable tasks: {<TaskInstance: albus_hub_data_protection.refresh_dashboard_serving manual__2026-08-23T01:51:54.350603+00:00 [up_for_retry] ti_id=01a02c51-fddb-7158-a374-ecfd42bd9883>, <TaskInstance: albus_hub_data_protection.backup_data manual__2026-08-23T01:51:54.350603+00:00 [up_for_retry] ti_id=01a02c51-8903-7c7a-9dd9-68a9a5c2e678>} [airflow.sdk.definitions.dag] loc=dag.py:1424
2026-08-23T01:57:10.811534Z [warning  ] No tasks to run. unrunnable tasks: {<TaskInstance: albus_hub_data_protection.refresh_dashboard_serving manual__2026-08-23T01:51:54.350603+00:00 [up_for_retry] ti_id=01a02c51-fddb-7158-a374-ecfd42bd9883>, <TaskInstance: albus_hub_data_protection.backup_data manual__2026-08-23T01:51:54.350603+00:00 [up_for_retry] ti_id=01a02c51-8903-7c7a-9dd9-68a9a5c2e678>} [airflow.sdk.definitions.dag] loc=dag.py:1424
2026-08-23T01:57:11.819535Z [warning  ] No tasks to run. unrunnable tasks: {<TaskInstance: albus_hub_data_protection.refresh_dashboard_serving manual__2026-08-23T01:51:54.350603+00:00 [up_for_retry] ti_id=01a02c51-fddb-7158-a374-ecfd42bd9883>, <TaskInstance: albus_hub_data_protection.backup_data manual__2026-08-23T01:51:54.350603+00:00 [up_for_retry] ti_id=01a02c51-8903-7c7a-9dd9-68a9a5c2e678>} [airflow.sdk.definitions.dag] loc=dag.py:1424
2026-08-23T01:57:12.828850Z [warning  ] No tasks to run. unrunnable tasks: {<TaskInstance: albus_hub_data_protection.refresh_dashboard_serving manual__2026-08-23T01:51:54.350603+00:00 [up_for_retry] ti_id=01a02c51-fddb-7158-a374-ecfd42bd9883>, <TaskInstance: albus_hub_data_protection.backup_data manual__2026-08-23T01:51:54.350603+00:00 [up_for_retry] ti_id=01a02c51-8903-7c7a-9dd9-68a9a5c2e678>} [airflow.sdk.definitions.dag] loc=dag.py:1424
2026-08-23T01:57:13.837818Z [warning  ] No tasks to run. unrunnable tasks: {<TaskInstance: albus_hub_data_protection.refresh_dashboard_serving manual__2026-08-23T01:51:54.350603+00:00 [up_for_retry] ti_id=01a02c51-fddb-7158-a374-ecfd42bd9883>, <TaskInstance: albus_hub_data_protection.backup_data manual__2026-08-23T01:51:54.350603+00:00 [up_for_retry] ti_id=01a02c51-8903-7c7a-9dd9-68a9a5c2e678>} [airflow.sdk.definitions.dag] loc=dag.py:1424
2026-08-23T01:57:14.847526Z [warning  ] No tasks to run. unrunnable tasks: {<TaskInstance: albus_hub_data_protection.refresh_dashboard_serving manual__2026-08-23T01:51:54.350603+00:00 [up_for_retry] ti_id=01a02c51-fddb-7158-a374-ecfd42bd9883>, <TaskInstance: albus_hub_data_protection.backup_data manual__2026-08-23T01:51:54.350603+00:00 [up_for_retry] ti_id=01a02c51-8903-7c7a-9dd9-68a9a5c2e678>} [airflow.sdk.definitions.dag] loc=dag.py:1424
2026-08-23T01:57:15.857157Z [warning  ] No tasks to run. unrunnable tasks: {<TaskInstance: albus_hub_data_protection.refresh_dashboard_serving manual__2026-08-23T01:51:54.350603+00:00 [up_for_retry] ti_id=01a02c51-fddb-7158-a374-ecfd42bd9883>, <TaskInstance: albus_hub_data_protection.backup_data manual__2026-08-23T01:51:54.350603+00:00 [up_for_retry] ti_id=01a02c51-8903-7c7a-9dd9-68a9a5c2e678>} [airflow.sdk.definitions.dag] loc=dag.py:1424
2026-08-23T01:57:16.866803Z [info     ] [DAG TEST] starting task_id=backup_data map_index=-1 [airflow.sdk.definitions.dag] loc=dag.py:1501
2026-08-23T01:57:16.866941Z [info     ] [DAG TEST] running task <TaskInstance: albus_hub_data_protection.backup_data manual__2026-08-23T01:51:54.350603+00:00 [TaskInstanceState.SCHEDULED] ti_id=01a02c51-8903-7c7a-9dd9-68a9a5c2e678> [airflow.sdk.definitions.dag] loc=dag.py:1504
2026-08-23T01:57:16.878029Z [info     ] Task started                   [airflow.api_fastapi.execution_api.routes.task_instances] correlation_id=01a02c56-1fc7-71d8-964d-b43fd5901b9a hostname=DESKTOP-GF7Q600.localdomain loc=task_instances.py:231 previous_state=queued ti_id=01a02c51-8903-7c7a-9dd9-68a9a5c2e678
2026-08-23T01:57:16.878824Z [info     ] Task instance state updated    [airflow.api_fastapi.execution_api.routes.task_instances] correlation_id=01a02c56-1fc7-71d8-964d-b43fd5901b9a loc=task_instances.py:259 rows_affected=1 ti_id=01a02c51-8903-7c7a-9dd9-68a9a5c2e678
2026-08-23T01:57:16.898761Z [info     ] Updating RenderedTaskInstanceFields [airflow.api_fastapi.execution_api.routes.task_instances] correlation_id=01a02c56-1fde-74f5-8a93-75e631f064e7 field_count=3 loc=task_instances.py:1005 ti_id=01a02c51-8903-7c7a-9dd9-68a9a5c2e678
Task instance is in running state
 Previous state of the Task instance: TaskInstanceState.QUEUED
Current task name:backup_data
Dag name:albus_hub_data_protection
2026-08-23T01:57:16.902833Z [info     ] ::endgroup::                   [task] loc=task_runner.py:2107
2026-08-23T01:57:16.903181Z [error    ] Task failed with exception     [task] loc=task_runner.py:1673
Traceback (most recent call last):
  File "/home/bruno/.local/share/uv/tools/apache-airflow/lib/python3.12/site-packages/airflow/sdk/execution_time/task_runner.py", line 1576, in run
    result = _execute_task(context=context, ti=ti, log=log)
             ^^^^^^^^^^^^^^^^^^^^^^^^^^^^^^^^^^^^^^^^^^^^^^
  File "/home/bruno/.local/share/uv/tools/apache-airflow/lib/python3.12/site-packages/airflow/sdk/execution_time/task_runner.py", line 189, in wrapper
    return f(*inner_args, **inner_kwargs)
           ^^^^^^^^^^^^^^^^^^^^^^^^^^^^^^
  File "/home/bruno/.local/share/uv/tools/apache-airflow/lib/python3.12/site-packages/airflow/sdk/execution_time/task_runner.py", line 2125, in _execute_task
    result = ctx.run(execute, context=context)
             ^^^^^^^^^^^^^^^^^^^^^^^^^^^^^^^^^
  File "/home/bruno/.local/share/uv/tools/apache-airflow/lib/python3.12/site-packages/airflow/sdk/bases/operator.py", line 445, in wrapper
    return func(self, *args, **kwargs)
           ^^^^^^^^^^^^^^^^^^^^^^^^^^^
  File "/home/bruno/.local/share/uv/tools/apache-airflow/lib/python3.12/site-packages/airflow/sdk/bases/decorator.py", line 398, in execute
    return_value = super().execute(context)
                   ^^^^^^^^^^^^^^^^^^^^^^^^
  File "/home/bruno/.local/share/uv/tools/apache-airflow/lib/python3.12/site-packages/airflow/sdk/bases/operator.py", line 445, in wrapper
    return func(self, *args, **kwargs)
           ^^^^^^^^^^^^^^^^^^^^^^^^^^^
  File "/home/bruno/.local/share/uv/tools/apache-airflow/lib/python3.12/site-packages/airflow/providers/standard/operators/python.py", line 231, in execute
    return_value = self.execute_callable()
                   ^^^^^^^^^^^^^^^^^^^^^^^
  File "/home/bruno/.local/share/uv/tools/apache-airflow/lib/python3.12/site-packages/airflow/providers/standard/operators/python.py", line 254, in execute_callable
    return runner.run(*self.op_args, **self.op_kwargs)
           ^^^^^^^^^^^^^^^^^^^^^^^^^^^^^^^^^^^^^^^^^^^
  File "/home/bruno/.local/share/uv/tools/apache-airflow/lib/python3.12/site-packages/airflow/sdk/execution_time/callback_runner.py", line 97, in run
    return func(*args, **kwargs)
           ^^^^^^^^^^^^^^^^^^^^^
  File "/home/bruno/projetos/albus-hub/dags/albus_hub_data_protection.py", line 241, in backup_data
    raise RuntimeError(
RuntimeError: Falha simulada para teste de recovery da Sprint 3.
2026-08-23T01:57:16.903893Z [info     ] ::group::Post Execute          [task] loc=task_runner.py:1674
Task instance in failure state
Task start
Task:<Task(_PythonDecoratedOperator): backup_data>
Failure caused by Falha simulada para teste de recovery da Sprint 3.
2026-08-23T01:57:16.904307Z [info     ] ::endgroup::                   [task] loc=task_runner.py:2270
2026-08-23T01:57:16.911645Z [info     ] Task instance state updated    [airflow.api_fastapi.execution_api.routes.task_instances] correlation_id=01a02c56-1fe8-7ad8-80a2-834a5649aff5 loc=task_instances.py:484 new_state=failed rows_affected=1 ti_id=01a02c51-8903-7c7a-9dd9-68a9a5c2e678
2026-08-23T01:57:16.922285Z [info     ] [DAG TEST] end task task_id=backup_data map_index=-1 [airflow.sdk.definitions.dag] loc=dag.py:1563
2026-08-23T01:57:16.928820Z [warning  ] No tasks to run. unrunnable tasks: {<TaskInstance: albus_hub_data_protection.refresh_dashboard_serving manual__2026-08-23T01:51:54.350603+00:00 [up_for_retry] ti_id=01a02c51-fddb-7158-a374-ecfd42bd9883>} [airflow.sdk.definitions.dag] loc=dag.py:1424
2026-08-23T01:57:17.937359Z [warning  ] No tasks to run. unrunnable tasks: {<TaskInstance: albus_hub_data_protection.refresh_dashboard_serving manual__2026-08-23T01:51:54.350603+00:00 [up_for_retry] ti_id=01a02c51-fddb-7158-a374-ecfd42bd9883>} [airflow.sdk.definitions.dag] loc=dag.py:1424
2026-08-23T01:57:21.878065Z [warning  ] No tasks to run. unrunnable tasks: {<TaskInstance: albus_hub_data_protection.refresh_dashboard_serving manual__2026-08-23T01:51:54.350603+00:00 [up_for_retry] ti_id=01a02c51-fddb-7158-a374-ecfd42bd9883>} [airflow.sdk.definitions.dag] loc=dag.py:1424
2026-08-23T01:57:22.885454Z [warning  ] No tasks to run. unrunnable tasks: {<TaskInstance: albus_hub_data_protection.refresh_dashboard_serving manual__2026-08-23T01:51:54.350603+00:00 [up_for_retry] ti_id=01a02c51-fddb-7158-a374-ecfd42bd9883>} [airflow.sdk.definitions.dag] loc=dag.py:1424
2026-08-23T01:57:23.894176Z [warning  ] No tasks to run. unrunnable tasks: {<TaskInstance: albus_hub_data_protection.refresh_dashboard_serving manual__2026-08-23T01:51:54.350603+00:00 [up_for_retry] ti_id=01a02c51-fddb-7158-a374-ecfd42bd9883>} [airflow.sdk.definitions.dag] loc=dag.py:1424
2026-08-23T01:57:24.903041Z [warning  ] No tasks to run. unrunnable tasks: {<TaskInstance: albus_hub_data_protection.refresh_dashboard_serving manual__2026-08-23T01:51:54.350603+00:00 [up_for_retry] ti_id=01a02c51-fddb-7158-a374-ecfd42bd9883>} [airflow.sdk.definitions.dag] loc=dag.py:1424
2026-08-23T01:57:25.911939Z [warning  ] No tasks to run. unrunnable tasks: {<TaskInstance: albus_hub_data_protection.refresh_dashboard_serving manual__2026-08-23T01:51:54.350603+00:00 [up_for_retry] ti_id=01a02c51-fddb-7158-a374-ecfd42bd9883>} [airflow.sdk.definitions.dag] loc=dag.py:1424
2026-08-23T01:57:26.920879Z [warning  ] No tasks to run. unrunnable tasks: {<TaskInstance: albus_hub_data_protection.refresh_dashboard_serving manual__2026-08-23T01:51:54.350603+00:00 [up_for_retry] ti_id=01a02c51-fddb-7158-a374-ecfd42bd9883>} [airflow.sdk.definitions.dag] loc=dag.py:1424
2026-08-23T01:57:27.929956Z [warning  ] No tasks to run. unrunnable tasks: {<TaskInstance: albus_hub_data_protection.refresh_dashboard_serving manual__2026-08-23T01:51:54.350603+00:00 [up_for_retry] ti_id=01a02c51-fddb-7158-a374-ecfd42bd9883>} [airflow.sdk.definitions.dag] loc=dag.py:1424
2026-08-23T01:57:28.938969Z [warning  ] No tasks to run. unrunnable tasks: {<TaskInstance: albus_hub_data_protection.refresh_dashboard_serving manual__2026-08-23T01:51:54.350603+00:00 [up_for_retry] ti_id=01a02c51-fddb-7158-a374-ecfd42bd9883>} [airflow.sdk.definitions.dag] loc=dag.py:1424
2026-08-23T01:57:29.947601Z [warning  ] No tasks to run. unrunnable tasks: {<TaskInstance: albus_hub_data_protection.refresh_dashboard_serving manual__2026-08-23T01:51:54.350603+00:00 [up_for_retry] ti_id=01a02c51-fddb-7158-a374-ecfd42bd9883>} [airflow.sdk.definitions.dag] loc=dag.py:1424
2026-08-23T01:57:30.956337Z [warning  ] No tasks to run. unrunnable tasks: {<TaskInstance: albus_hub_data_protection.refresh_dashboard_serving manual__2026-08-23T01:51:54.350603+00:00 [up_for_retry] ti_id=01a02c51-fddb-7158-a374-ecfd42bd9883>} [airflow.sdk.definitions.dag] loc=dag.py:1424
2026-08-23T01:57:31.965303Z [warning  ] No tasks to run. unrunnable tasks: {<TaskInstance: albus_hub_data_protection.refresh_dashboard_serving manual__2026-08-23T01:51:54.350603+00:00 [up_for_retry] ti_id=01a02c51-fddb-7158-a374-ecfd42bd9883>} [airflow.sdk.definitions.dag] loc=dag.py:1424
2026-08-23T01:57:32.972537Z [warning  ] No tasks to run. unrunnable tasks: {<TaskInstance: albus_hub_data_protection.refresh_dashboard_serving manual__2026-08-23T01:51:54.350603+00:00 [up_for_retry] ti_id=01a02c51-fddb-7158-a374-ecfd42bd9883>} [airflow.sdk.definitions.dag] loc=dag.py:1424
2026-08-23T01:57:33.981500Z [warning  ] No tasks to run. unrunnable tasks: {<TaskInstance: albus_hub_data_protection.refresh_dashboard_serving manual__2026-08-23T01:51:54.350603+00:00 [up_for_retry] ti_id=01a02c51-fddb-7158-a374-ecfd42bd9883>} [airflow.sdk.definitions.dag] loc=dag.py:1424
2026-08-23T01:57:34.990825Z [warning  ] No tasks to run. unrunnable tasks: {<TaskInstance: albus_hub_data_protection.refresh_dashboard_serving manual__2026-08-23T01:51:54.350603+00:00 [up_for_retry] ti_id=01a02c51-fddb-7158-a374-ecfd42bd9883>} [airflow.sdk.definitions.dag] loc=dag.py:1424
2026-08-23T01:57:35.999600Z [warning  ] No tasks to run. unrunnable tasks: {<TaskInstance: albus_hub_data_protection.refresh_dashboard_serving manual__2026-08-23T01:51:54.350603+00:00 [up_for_retry] ti_id=01a02c51-fddb-7158-a374-ecfd42bd9883>} [airflow.sdk.definitions.dag] loc=dag.py:1424
2026-08-23T01:57:37.008036Z [warning  ] No tasks to run. unrunnable tasks: {<TaskInstance: albus_hub_data_protection.refresh_dashboard_serving manual__2026-08-23T01:51:54.350603+00:00 [up_for_retry] ti_id=01a02c51-fddb-7158-a374-ecfd42bd9883>} [airflow.sdk.definitions.dag] loc=dag.py:1424
2026-08-23T01:57:38.015475Z [warning  ] No tasks to run. unrunnable tasks: {<TaskInstance: albus_hub_data_protection.refresh_dashboard_serving manual__2026-08-23T01:51:54.350603+00:00 [up_for_retry] ti_id=01a02c51-fddb-7158-a374-ecfd42bd9883>} [airflow.sdk.definitions.dag] loc=dag.py:1424
2026-08-23T01:57:39.023074Z [warning  ] No tasks to run. unrunnable tasks: {<TaskInstance: albus_hub_data_protection.refresh_dashboard_serving manual__2026-08-23T01:51:54.350603+00:00 [up_for_retry] ti_id=01a02c51-fddb-7158-a374-ecfd42bd9883>} [airflow.sdk.definitions.dag] loc=dag.py:1424
2026-08-23T01:57:40.032173Z [warning  ] No tasks to run. unrunnable tasks: {<TaskInstance: albus_hub_data_protection.refresh_dashboard_serving manual__2026-08-23T01:51:54.350603+00:00 [up_for_retry] ti_id=01a02c51-fddb-7158-a374-ecfd42bd9883>} [airflow.sdk.definitions.dag] loc=dag.py:1424
2026-08-23T01:57:41.040833Z [warning  ] No tasks to run. unrunnable tasks: {<TaskInstance: albus_hub_data_protection.refresh_dashboard_serving manual__2026-08-23T01:51:54.350603+00:00 [up_for_retry] ti_id=01a02c51-fddb-7158-a374-ecfd42bd9883>} [airflow.sdk.definitions.dag] loc=dag.py:1424
2026-08-23T01:57:42.049298Z [warning  ] No tasks to run. unrunnable tasks: {<TaskInstance: albus_hub_data_protection.refresh_dashboard_serving manual__2026-08-23T01:51:54.350603+00:00 [up_for_retry] ti_id=01a02c51-fddb-7158-a374-ecfd42bd9883>} [airflow.sdk.definitions.dag] loc=dag.py:1424
2026-08-23T01:57:43.056906Z [warning  ] No tasks to run. unrunnable tasks: {<TaskInstance: albus_hub_data_protection.refresh_dashboard_serving manual__2026-08-23T01:51:54.350603+00:00 [up_for_retry] ti_id=01a02c51-fddb-7158-a374-ecfd42bd9883>} [airflow.sdk.definitions.dag] loc=dag.py:1424
2026-08-23T01:57:44.064664Z [warning  ] No tasks to run. unrunnable tasks: {<TaskInstance: albus_hub_data_protection.refresh_dashboard_serving manual__2026-08-23T01:51:54.350603+00:00 [up_for_retry] ti_id=01a02c51-fddb-7158-a374-ecfd42bd9883>} [airflow.sdk.definitions.dag] loc=dag.py:1424
2026-08-23T01:57:45.073334Z [warning  ] No tasks to run. unrunnable tasks: {<TaskInstance: albus_hub_data_protection.refresh_dashboard_serving manual__2026-08-23T01:51:54.350603+00:00 [up_for_retry] ti_id=01a02c51-fddb-7158-a374-ecfd42bd9883>} [airflow.sdk.definitions.dag] loc=dag.py:1424
2026-08-23T01:57:46.082261Z [info     ] [DAG TEST] starting task_id=refresh_dashboard_serving map_index=-1 [airflow.sdk.definitions.dag] loc=dag.py:1501
2026-08-23T01:57:46.082398Z [info     ] [DAG TEST] running task <TaskInstance: albus_hub_data_protection.refresh_dashboard_serving manual__2026-08-23T01:51:54.350603+00:00 [TaskInstanceState.SCHEDULED] ti_id=01a02c51-fddb-7158-a374-ecfd42bd9883> [airflow.sdk.definitions.dag] loc=dag.py:1504
2026-08-23T01:57:46.092811Z [info     ] Task started                   [airflow.api_fastapi.execution_api.routes.task_instances] correlation_id=01a02c56-91e7-76d8-9ab6-296278ae40c8 hostname=DESKTOP-GF7Q600.localdomain loc=task_instances.py:231 previous_state=queued ti_id=01a02c51-fddb-7158-a374-ecfd42bd9883
2026-08-23T01:57:46.093492Z [info     ] Task instance state updated    [airflow.api_fastapi.execution_api.routes.task_instances] correlation_id=01a02c56-91e7-76d8-9ab6-296278ae40c8 loc=task_instances.py:259 rows_affected=1 ti_id=01a02c51-fddb-7158-a374-ecfd42bd9883
2026-08-23T01:57:46.111144Z [info     ] Updating RenderedTaskInstanceFields [airflow.api_fastapi.execution_api.routes.task_instances] correlation_id=01a02c56-91fb-7e5d-abc4-7259ac471ae8 field_count=3 loc=task_instances.py:1005 ti_id=01a02c51-fddb-7158-a374-ecfd42bd9883
Task instance is in running state
 Previous state of the Task instance: TaskInstanceState.QUEUED
Current task name:refresh_dashboard_serving
Dag name:albus_hub_data_protection
2026-08-23T01:57:46.115383Z [info     ] ::endgroup::                   [task] loc=task_runner.py:2107
2026-08-23T01:58:09.393142Z [error    ] Task failed with exception     [task] loc=task_runner.py:1673
Traceback (most recent call last):
  File "/home/bruno/.local/share/uv/tools/apache-airflow/lib/python3.12/site-packages/airflow/sdk/execution_time/task_runner.py", line 1576, in run
    result = _execute_task(context=context, ti=ti, log=log)
             ^^^^^^^^^^^^^^^^^^^^^^^^^^^^^^^^^^^^^^^^^^^^^^
  File "/home/bruno/.local/share/uv/tools/apache-airflow/lib/python3.12/site-packages/airflow/sdk/execution_time/task_runner.py", line 189, in wrapper
    return f(*inner_args, **inner_kwargs)
           ^^^^^^^^^^^^^^^^^^^^^^^^^^^^^^
  File "/home/bruno/.local/share/uv/tools/apache-airflow/lib/python3.12/site-packages/airflow/sdk/execution_time/task_runner.py", line 2125, in _execute_task
    result = ctx.run(execute, context=context)
             ^^^^^^^^^^^^^^^^^^^^^^^^^^^^^^^^^
  File "/home/bruno/.local/share/uv/tools/apache-airflow/lib/python3.12/site-packages/airflow/sdk/bases/operator.py", line 445, in wrapper
    return func(self, *args, **kwargs)
           ^^^^^^^^^^^^^^^^^^^^^^^^^^^
  File "/home/bruno/.local/share/uv/tools/apache-airflow/lib/python3.12/site-packages/airflow/sdk/bases/decorator.py", line 398, in execute
    return_value = super().execute(context)
                   ^^^^^^^^^^^^^^^^^^^^^^^^
  File "/home/bruno/.local/share/uv/tools/apache-airflow/lib/python3.12/site-packages/airflow/sdk/bases/operator.py", line 445, in wrapper
    return func(self, *args, **kwargs)
           ^^^^^^^^^^^^^^^^^^^^^^^^^^^
  File "/home/bruno/.local/share/uv/tools/apache-airflow/lib/python3.12/site-packages/airflow/providers/standard/operators/python.py", line 231, in execute
    return_value = self.execute_callable()
                   ^^^^^^^^^^^^^^^^^^^^^^^
  File "/home/bruno/.local/share/uv/tools/apache-airflow/lib/python3.12/site-packages/airflow/providers/standard/operators/python.py", line 254, in execute_callable
    return runner.run(*self.op_args, **self.op_kwargs)
           ^^^^^^^^^^^^^^^^^^^^^^^^^^^^^^^^^^^^^^^^^^^
  File "/home/bruno/.local/share/uv/tools/apache-airflow/lib/python3.12/site-packages/airflow/sdk/execution_time/callback_runner.py", line 97, in run
    return func(*args, **kwargs)
           ^^^^^^^^^^^^^^^^^^^^^
  File "/home/bruno/projetos/albus-hub/dags/albus_hub_data_protection.py", line 187, in refresh_dashboard_serving
    return run_project_script("scripts/serving/refresh_dashboard_serving.py")
           ^^^^^^^^^^^^^^^^^^^^^^^^^^^^^^^^^^^^^^^^^^^^^^^^^^^^^^^^^^^^^^^^^^
  File "/home/bruno/projetos/albus-hub/dags/albus_hub_data_protection.py", line 46, in run_project_script
    result = subprocess.run(
             ^^^^^^^^^^^^^^^
  File "/home/bruno/.local/share/uv/python/cpython-3.12.13-linux-x86_64-gnu/lib/python3.12/subprocess.py", line 571, in run
    raise CalledProcessError(retcode, process.args,
subprocess.CalledProcessError: Command '['uv', 'run', 'python', 'scripts/serving/refresh_dashboard_serving.py']' returned non-zero exit status 1.
2026-08-23T01:58:09.394333Z [info     ] ::group::Post Execute          [task] loc=task_runner.py:1674
Task instance in failure state
Task start
Task:<Task(_PythonDecoratedOperator): refresh_dashboard_serving>
Failure caused by Command '['uv', 'run', 'python', 'scripts/serving/refresh_dashboard_serving.py']' returned non-zero exit status 1.
2026-08-23T01:58:09.396125Z [info     ] ::endgroup::                   [task] loc=task_runner.py:2270
2026-08-23T01:58:09.409348Z [info     ] Task instance state updated    [airflow.api_fastapi.execution_api.routes.task_instances] correlation_id=01a02c56-ecf4-7dc0-97be-d98edc77be58 loc=task_instances.py:484 new_state=failed rows_affected=1 ti_id=01a02c51-fddb-7158-a374-ecfd42bd9883
2026-08-23T01:58:09.422239Z [info     ] [DAG TEST] end task task_id=refresh_dashboard_serving map_index=-1 [airflow.sdk.definitions.dag] loc=dag.py:1563
2026-08-23T01:58:09.424743Z [info     ] Marking run <DagRun albus_hub_data_protection @ 2026-08-23 01:55:00+00:00: manual__2026-08-23T01:51:54.350603+00:00, state:running, queued_at: None. run_type: manual> failed [airflow.models.dagrun.DagRun] loc=dagrun.py:1219
Dag run  in failure state
Dag information:albus_hub_data_protection Run id: manual__2026-08-23T01:51:54.350603+00:00 Run type: manual
Failed with message: task_failure
2026-08-23T01:58:09.425408Z [info     ] DagRun Finished: dag_id=albus_hub_data_protection, logical_date=2026-08-23 01:55:00+00:00, run_id=manual__2026-08-23T01:51:54.350603+00:00, run_start_date=2026-08-23 01:55:00+00:00, run_end_date=2026-08-23 01:58:09.424836+00:00, run_duration=189.424836, state=failed, run_type=manual, data_interval_start=2026-08-23 01:55:00+00:00, data_interval_end=2026-08-23 01:55:00+00:00, [airflow.models.dagrun.DagRun] loc=dagrun.py:1315
DagRun failed
